è¯„è®ºid,è€å¸ˆid,è€å¸ˆå§“å,å‘è¡¨æ—¶é—´,ç‚¹èµžå‡åŽ»ç‚¹è¸©æ•°é‡,ç‚¹èµžé‡,ç‚¹è¸©é‡,å†…å®¹
15124,154,è¢å¼˜,2016-01-12 06:59:11,4,7,3,å¥½å¥½å¥½
36422,154,è¢å¼˜,2016-11-13 11:28:05,2,2,0,è®²è¯¾èµžï¼
62051,154,è¢å¼˜,2017-11-23 04:34:53,6,12,6,å¥½å¥½å¤ä¹ ä¸å¦‚å¥½å¥½æŠ„ä½œä¸šåˆ·å¹³æ—¶åˆ†
6384,225,è‘£æ™“æ­¦,2015-07-13 12:24:34,0,7,7,åˆ»è–„çš„è€å¸ˆ
14769,225,è‘£æ™“æ­¦,2016-01-09 02:14:41,8,25,17,æ¸£æ¸£ï¼Œæµ™å¤§çš„è´¥ç±»
103944,225,è‘£æ™“æ­¦,2019-03-08 00:01:45,3,3,0,å¥½è€å¸ˆï¼Œè¯è®­è¯¾ä¸Šçš„éžå¸¸æœ‰è¶£ï¼
108876,225,è‘£æ™“æ­¦,2019-06-03 12:37:27,-1,2,3,boring
116994,225,è‘£æ™“æ­¦,2019-09-18 05:12:06,12,14,2,æˆ‘è§‰å¾—è€å¸ˆè¿˜å¥½å§ã€‚æ¯”è¾ƒè€¿ç›´çš„è€å¸ˆï¼Œä½†æ˜¯å…¶å®žæŒºå…³å¿ƒå­¦ç”Ÿçš„ã€‚
118811,225,è‘£æ™“æ­¦,2019-11-06 11:53:14,6,6,0,è®²è¯¾è®²çš„è¿˜ä¸é”™
203428,225,è‘£æ™“æ­¦,2024-11-19 13:30:09,0,0,0,è°åœ¨é»‘æˆ‘ä»¬è‘£çŽ‹giegieï¼
81672,259,æŽæ–°,2018-07-06 00:18:54,1,2,1,è€å¸ˆäººè¶…å¥½ï¼Œä½†æ˜¯è®²äº†å°±ä¸€èˆ¬ï¼Œç”šè‡³æœ‰ç‚¹å¬ä¸æ‡‚
111122,259,æŽæ–°,2019-06-30 02:45:58,0,1,1,è€å¸ˆæ˜¯è¿˜æŒºå¥½çš„ã€‚\n\nä½†æ˜¯è¿™ä¹ˆè¯¾çš„è€ƒæ ¸æ˜¯æ•…æ„è®©ç»å¤§å¤šæ•°åŒå­¦åšä¸å®Œçš„å˜›å˜›å˜›å˜›ï¼ŒçœŸçš„æš´é£Žå“­æ³£
117257,259,æŽæ–°,2019-09-21 12:40:55,-5,0,5,å¥½è€å¸ˆï¼Œä¹Ÿæ˜¯å¾ˆå¥½çš„ç­ä¸»ä»»
127068,259,æŽæ–°,2020-11-05 02:57:01,10,15,5,å¯¹äºŽè€å¸ˆé—®æˆ‘ä»¬ ä¸ºä»€ä¹ˆåˆ«äººèƒ½å­¦ä¼šä½ ä»¬å°±å­¦ä¸å¥½å‘¢ æˆ‘æƒ³é—®ï¼šåŒæ ·æ˜¯è€å¸ˆ ä¸ºä»€ä¹ˆåˆ«äººèƒ½æ˜¯é’åƒæ˜¯é™¢å£«ä½ ä¸æ˜¯å‘¢
141346,259,æŽæ–°,2021-09-30 05:59:12,0,0,0,è€å¸ˆæŒºå¥½çš„
141843,259,æŽæ–°,2021-10-27 14:05:27,1,1,0,å¥¹çš„æ³¢æ™®æœ€åŽä¸€èŠ‚è¯¾è¦è®¤çœŸå¬å‘€
177351,259,æŽæ–°,2023-07-03 03:40:27,0,0,0,è€å¸ˆè®²çš„å¾ˆå¥½
220244,259,æŽæ–°,2025-06-16 15:09:42,0,0,0,è¿˜å¯ä»¥å§
58212,366,å­™èŽ²èŽ‰,2017-08-23 10:18:25,-2,1,3,å¾ˆæ£’ï¼Œç”ŸåŠ¨æœ‰è¶£
135384,366,å­™èŽ²èŽ‰,2021-05-09 04:27:37,3,3,0,äº‹æƒ…è¯´ä¸æ¸…æ¥š
200349,366,å­™èŽ²èŽ‰,2024-10-16 07:03:27,3,3,0,è®²çš„ä¸æ¸…æ¥šå•Šå•Šå•Š
29020,481,ä½•ä¿å†›,2016-06-29 06:40:11,2,2,0,å¥½ï¼Œè¯ç†å­¦è‡ªå·±å¥½å¥½èƒŒï¼Œè€ƒè¯•ä¸éš¾ã€‚
55598,481,ä½•ä¿å†›,2017-07-02 04:21:19,2,4,2,ç¿å‹¤æ´åžƒåœ¾è€å¸ˆ
2052,702,çŽ‹æ¯…,2015-03-30 09:39:38,28,55,27,ä¸Šè¯¾è®²çš„çœŸå¿ƒä¸€èˆ¬èˆ¬ï¼Œè€Œä¸”é€šè¯†è¯¾ç»™åˆ†ä¸å¥½
10955,702,çŽ‹æ¯…,2015-11-23 12:28:55,-3,8,11,å¾ˆå¥½å¾ˆå¥½
14974,702,çŽ‹æ¯…,2016-01-11 10:34:13,-5,5,10,è¿˜ä¸é”™
15513,702,çŽ‹æ¯…,2016-01-15 04:00:56,7,14,7,å¾ˆä¸é”™ï¼Œæœ‰æ”¶èŽ·
18899,702,çŽ‹æ¯…,2016-01-22 17:08:29,-8,12,20,æˆ‘è¿™é—¨é€šè¯†ç»™åˆ†çœŸå¿ƒå¥½ï¼Œå‰1%
18992,702,çŽ‹æ¯…,2016-01-23 02:14:31,-2,11,13,ä¸Šçš„æ˜¯ ä»Žç¥žå†œæœ¬è‰åˆ°çŽ°ä»£ä¸­è¯ è¿™ä¸ªè¯¾  ä¸Šè¯¾å¾ˆå¤šæ”¶èŽ·å§ï½žç»™åˆ†ä¹Ÿä¸é”™å‘¢
19034,702,çŽ‹æ¯…,2016-01-23 05:55:32,3,10,7,ç»™åˆ†ä½Ž
19205,702,çŽ‹æ¯…,2016-01-23 13:48:00,-1,11,12,æœ‰å¾ˆå¤§çš„æ”¶èŽ·ï¼Œå¹¶ä¸”è€å¸ˆç»™åˆ†å¾ˆå¥½å“¦ã€‚
23151,702,çŽ‹æ¯…,2016-03-20 09:01:16,2,10,8,çœŸçš„å¾ˆå¥½ï¼Œå¬äº†ä¹‹åŽæ”¶èŽ·å¾ˆå¤šï¼Œä¸€ä¸ªçŸ­å­¦æœŸçš„è¯¾ç»“æŸäº†ä»¥åŽï¼ŒçœŸçš„æ²¡æœ‰ä¸Šå¤Ÿï¼ŒçœŸçš„å¥½æƒ³å†å¬ä¸€æ¬¡ã€‚
23382,702,çŽ‹æ¯…,2016-03-28 06:43:32,6,16,10,é€šè¯†ç»™åˆ†å‘
40819,702,çŽ‹æ¯…,2017-01-05 20:22:08,1,7,6,è®²è¯¾ä¹å‘³æ— åŠ›è¾£é¸¡æ˜¯æ€Žæ ·çš„ä¸€ç§ä½“éªŒ
45361,702,çŽ‹æ¯…,2017-01-19 14:35:33,1,10,9,åžƒåœ¾è€å¸ˆæœ€ä½Žä¸€é—¨é€šè¯†
45381,702,çŽ‹æ¯…,2017-01-19 13:35:07,-2,8,10,è¾›è¾›è‹¦è‹¦å†™äº†ä¸¤åƒå­—çš„è®ºæ–‡ï¼Œæ„Ÿè§‰æŠŠè‡ªå·±è‡ªå°åˆ°å¤§çš„ä¸­è¯ç†è§£éƒ½èžåœ¨é‡Œé¢äº†å¾ˆè®¤çœŸè®¤çœŸåœ°å†™ï¼Œå°ç»„è®¨è®ºä¸»é¢˜æ˜¯æˆ‘ææˆ‘å®šçš„ï¼Œç»“æžœåˆ†å‡ºæ¥ï¼Œ3.3ï¼Œæ¬²å“­æ— æ³ªï¼Œä¸€ä¸‹å­æŠŠç»©ç‚¹æ‹‰ä¸‹å››äº†ã€‚æƒ³ä¿å…¨ç»©ç‚¹æ…Žé‡ï¼Œé€šè¯†è¯¾ç»™åˆ†æžå‘ï¼Œç‰¹éšæ„ã€‚
45425,702,çŽ‹æ¯…,2017-01-19 14:07:19,12,17,5,è§‰å¾—è€å¸ˆå¯¹å¾…ä¸­åŒ»è¯çš„æ€åº¦æ˜¯å¾ˆè®¤çœŸçš„\n\nè®²è¯¾ä¹Ÿåœ¨å°½å¯èƒ½è®²çš„æœ‰è¶£å‘³æ€§\n\nç›¸åè§‰å¾—è®²è¯¾çš„å¦ä¸€ä½è€å¸ˆæœ‰äº›è®¸æž¯ç‡¥\n\nä»Žè¿™é—¨è¯¾ä¸­è¿˜æ˜¯å­¦åˆ°äº†ä¸å°‘ä¸œè¥¿çš„\n\næˆ‘çš„ç»©ç‚¹è™½ç„¶ä¸æ˜¯ç‰¹åˆ«é«˜ï¼Œä½†è§‰å¾—ä»˜å‡ºå’Œæ”¶å…¥è¿˜æ˜¯æˆæ­£æ¯”çš„\n\nè¯è¯´è®ºæ–‡â€œè¾›è¾›è‹¦è‹¦â€2000å­—ï¼Œä¸€æ˜¯å­—æ•°çœŸçš„ä¸ç®—å¤šï¼ŒäºŒæ˜¯å†…å®¹å¤§æ¦‚ä¹Ÿæ²¡å¥½åˆ°å¯ä»¥è®©è€å¸ˆå¿½ç•¥å­—æ•°çš„å¤šå°‘å§ï¼Ÿ\n\nå»ºè®®è€å¸ˆæŠŠå°ç»„å±•ç¤ºçš„åˆ†æ•°å…¬å¸ƒå‡ºæ¥ï¼Œå¹¶ä¸”ç®€å•è®²è§£ä¸€ä¸‹è‡ªå·±çš„æ‰“åˆ†åŽŸåˆ™ã€‚
45802,702,çŽ‹æ¯…,2018-08-25 03:38:46,0,19,19,è€å¸ˆæ˜¯å¥½çš„ï¼Œç»™åˆ†æ˜¯å‘çš„ã€‚ä¸€ä¸ªä¸€ä¸ªæ•²å‡ºæ¥çš„å››åƒå­—è®ºæ–‡ï¼Œç»™äº†è¿™æ ·çš„åˆ†æ•°ï¼Œæ— fuckè¯´ã€‚ä¸è¿‡è‡³å°‘ä¸Šè¯¾è¿˜æ˜¯æœ‰æ”¶èŽ·çš„ï¼Œè€å¸ˆç»™æˆ‘å‡ åˆ†æˆ‘ç»™è€å¸ˆè¯„å‡ åˆ†å§ã€‚
46046,702,çŽ‹æ¯…,2017-01-20 13:29:46,2,5,3,è¿˜å¯ä»¥
46172,702,çŽ‹æ¯…,2017-01-21 00:49:38,0,6,6,è¿˜æ˜¯è›®å–œæ¬¢å¬è€å¸ˆçš„è¯¾çš„ï¼Œè®²è¯¾åº”è¯¥è¿˜ä¸é”™ï¼Œç»™åˆ†ä¹Ÿè¿˜ä¸é”™ï¼Œè›®æœ‰æ”¶èŽ·çš„ã€‚
68701,702,çŽ‹æ¯…,2018-01-23 15:43:36,9,13,4,è¯´å®žè¯æˆ‘ä¸è§‰å¾—ä»Žç¥žå†œæœ¬è‰åˆ°çŽ°ä»£ä¸­è¯è¿™é—¨è¯¾å’Œè€å¸ˆæœ‰è¯„è®ºè¯´çš„è¿™ä¹ˆä¸å¥½ï¼Œè€å¸ˆç»™åˆ†å¯èƒ½ç¡®å®žä¸¥æ ¼è¿™ç‚¹ä»–ç¬¬ä¸€èŠ‚è¯¾çš„æ—¶å€™çš„æ•°æ®å°±çœ‹å‡ºæ¥äº†ï¼Œä½†æ˜¯è¿™é—¨è¯¾æŒºæœ‰æ„æ€çš„è®¤çœŸå¬èƒ½æ”¶èŽ·ä¸å°‘ï¼Œåšçš„å°ç»„ä½œä¸šä»€ä¹ˆä¹Ÿè›®æœ‰æ„æ€çš„å±•ç¤ºçš„é‚£èŠ‚è¯¾çœŸçš„å“‡å¤§å®¶éƒ½å¾ˆåŽ‰å®³èŠ±äº†å¾ˆå¤šå¿ƒæ€ï¼Œè®ºæ–‡çš„è¯çœ‹ä¸ªäººäº†ç»©ç‚¹è¿˜æ²¡æœ‰å‡ºæˆ‘å…ˆæ¥è¯„è®ºäº†å°±æ˜¯å¯¹è¿™é—¨è¯¾çœŸçš„è‚¯å®šï¼Œä¸è¿‡å¯¹æœ‰äº›äººæ¥è¯´å¯èƒ½ä¼šç»©æ€å§ï¼Œè€å¸ˆåŠ©æ•™ä»€ä¹ˆçš„éƒ½éžå¸¸è®¤çœŸ å¥½è¯„
68755,702,çŽ‹æ¯…,2018-01-23 23:17:48,1,5,4,å…¶å®žå¬è¯¾å¾ˆæœ‰æ”¶èŽ·çš„
70580,702,çŽ‹æ¯…,2018-01-27 08:53:54,-2,4,6,ç»™åˆ†ä½Žåˆ°å¯æ€•ï¼Œä¸Žå­¦ç”Ÿæœ‰ä»‡
70608,702,çŽ‹æ¯…,2018-01-27 09:39:30,2,5,3,ç»™åˆ†æžå·®æžå·®æžå·®æžå·®æžå·®
70611,702,çŽ‹æ¯…,2018-01-27 09:43:50,12,17,5,å¬è€å¸ˆè®²è¯¾å¯ä»¥æ”¶èŽ·å¥½å¤š æˆ‘ä»¬è¿™ä¸€å±Šå¥½åƒæ˜¯äº”çº§åˆ¶çš„ è®¤çœŸå®Œæˆä»»åŠ¡ç»™åˆ†å°±ä¸é”™
70612,702,çŽ‹æ¯…,2018-01-27 09:46:35,9,15,6,å‡ºäº†åˆ†æ‰çŸ¥é“æ˜¯äº”çº§åˆ¶ï¼Œå†…å¿ƒéœ‡æƒŠä¸å·²ã€‚\n\næ‰“åˆ†è¿˜å¥½å§ï¼ŒæœŸæœ«ä½œä¸šå†™æ»¡ä¸€ä¸‡å­—ï¼Œå†å†™ä¸€ç¯‡è¯»ä¹¦ç¬”è®°ï¼Œå°±èƒ½æ‰“åˆ°ä¼˜ç§€ç­‰ç¬¬äº†ã€‚
70618,702,çŽ‹æ¯…,2018-01-27 09:51:03,-2,6,8,å°ç»„å±•ç¤ºäº’ç›¸æ‰“åˆ†å°±æ˜¯é€¼æ‰€æœ‰äººæ¶ç«Ÿ ç»©ç‚¹èƒ½æ¯”ä½ æƒ³è±¡çš„è¿˜è¦ä½Ž å¹¶ä¸æ˜¯æ²¡æœ‰è®¤çœŸåš å½“åˆä¹Ÿæ€€ç€å¯¹ä¸­è¯çš„å–œæ¬¢é€‰çš„ ä¸Šå®Œè¯¾æˆ‘å¤§æ¦‚æ˜¯ä¸ä¼šå†å–œæ¬¢äº†
70818,702,çŽ‹æ¯…,2018-01-27 14:33:38,1,4,3,ç»™åˆ†ä½Ž
70912,702,çŽ‹æ¯…,2018-01-28 00:09:01,2,7,5,ç»™åˆ†å·® 5000å­—è®ºæ–‡ 3.5 å‘µå‘µå‘µ
73267,702,çŽ‹æ¯…,2018-02-01 09:00:52,5,8,3,æ€Žä¹ˆè¯´å‘¢ï¼Œæˆ‘çš„æœŸæœ«ä½œä¸šè¢«ä¸­å›½ä¸­è¯æ‚å¿—å…¥é€‰ï¼Œä½†æ˜¯å°ç»„å±•ç¤ºå€’æ•°ç¬¬å››ï¼Œç»“æžœä¸‹æ¥ç»©ç‚¹3.5ã€‚ç¡®å®žè®¤ä¸ºäº”çº§åˆ¶ä¸å¤ªåˆç†ï¼Œä½†æ˜¯è¿˜å¥½å§ï¼Œè™½ç„¶ç»™åˆ†è¾ƒä½Žï¼Œè®¤çœŸä¸‹æ¥è¿˜æ˜¯æœ‰æ”¶èŽ·çš„ã€‚
74514,702,çŽ‹æ¯…,2018-03-02 16:30:50,4,7,3,è€å¸ˆå¾ˆè®¤çœŸï¼Œè®²äº†å¾ˆå¤šå…³äºŽä¸­è¯ä»¥åŠä¸­è¯çŽ°ä»£åŒ–çš„ä¸œè¥¿ï¼Œå¹²è´§å¾ˆå¤šã€‚è€Œä¸”è€å¸ˆæœ¬æ¥æœ‰ä¸€ç§å„’é›…çš„æ°”è´¨ï¼Œå¬è¯¾å¾ˆèˆ’æœã€‚ç»™åˆ†ä¸¥æ ¼äº†ç‚¹ï¼Œå°ç»„å±•ç¤ºç¬¬äºŒï¼Œè®ºæ–‡3000å­—ï¼Œç»©ç‚¹2.5ã€‚ä¸è¿‡ä¹Ÿæ˜¯æœ‰åŽŸå› å§ï¼Œè®ºæ–‡å†™çš„å¤ªå·®äº†ï¼Œæ‰€ä»¥è®ºæ–‡å¾ˆé‡è¦ï¼Œè¦å¥½å¥½å†™è®ºæ–‡å’Œäº¤è¯»ä¹¦ç¬”è®°ã€‚
86055,702,çŽ‹æ¯…,2018-08-31 13:40:14,2,4,2,å—ç›Šéžæµ…
95011,702,çŽ‹æ¯…,2019-01-26 15:06:43,7,11,4,æˆ‘çœŸçš„å¥½éš¾è¿‡ï¼Œæœ¬æ¥å‡ç»©æ‚¬æ‚¬åœ°åœ¨å››å¤šä¸€ç‚¹çš„ï¼Œå› ä¸ºè¿™é—¨è¯¾ï¼Œå‘µå‘µ
97656,702,çŽ‹æ¯…,2019-01-22 12:45:37,5,6,1,å¤–äº¤éƒ¨é•¿è´¼æº´
100548,702,çŽ‹æ¯…,2019-01-26 09:32:39,-2,4,6,å°ç»„å±•ç¤ºå¥½å¥½åšï¼å°ç»„å±•ç¤ºå¥½å¥½åšï¼ä»˜å‡ºä¸€å®šä¼šæœ‰å›žæŠ¥çš„ï¼è¡¨ç™½åŠ©æ•™å§å§hhhh
100577,702,çŽ‹æ¯…,2019-01-26 10:36:52,-2,2,4,åžƒåœ¾è€å¸ˆï¼Œæ‹‰ä½Žç»©ç‚¹
100663,702,çŽ‹æ¯…,2019-01-26 14:12:45,0,4,4,æ„Ÿè§‰æœ€åŽä¸€èŠ‚è¯¾å¤§å®¶çš„å±•ç¤ºéƒ½æ¯”è®²è¯¾æœ‰æ„æ€å¤šäº†ã€‚æœ¬æ¥ä¹Ÿæ˜¯æŠ±ç€å¯¹ä¸­åŒ»ä¸€ç‚¹çš„å¥½å¥‡å’Œçƒ­çˆ±é€‰çš„è¯¾ï¼Œè®¤çœŸå†™äº†è®ºæ–‡ï¼ˆå¯èƒ½æ˜¯åªå†™äº†3000å·¦å³æ²¡å†™åˆ°ä¸€ä¸‡ï¼Ÿï¼‰ï¼Œå°ç»„å±•ç¤ºä¹Ÿæ˜¯ä¸­ç­‰æ°´å¹³ï¼Œæ¯èŠ‚è¯¾éƒ½åˆ°ï¼Œç»“æžœæ˜¯æœ€ä½Žçš„ä¸€é—¨é€šè¯†ï¼Œç»™åˆ†åžƒåœ¾
100762,702,çŽ‹æ¯…,2019-01-26 21:08:29,0,1,1,è®²è¯¾ä¸é”™\n\nç»™åˆ†æžå·®\n\n
102037,702,çŽ‹æ¯…,2019-01-30 06:01:52,1,2,1,è€å¸ˆå¾ˆè®¤çœŸï¼Œè®¤çœŸå¬è¿˜æ˜¯å¯ä»¥å­¦åˆ°ä¸€ç‚¹çŸ¥è¯†çš„ï¼Œç»™åˆ†çœŸçš„æ˜¯ä¸å¥½â€¦è€Œä¸”è¯»ä¹¦ç¬”è®°è™½è¯´ä¸æ˜¯å¿…å†™çš„ä½†æ˜¯å¤§å®¶éƒ½å†™äº†å¹¶ä¸”å¾ˆå¥½çš„æƒ…å†µä¸‹ï¼Œä¸€ä¸ªâ€œåŠ åˆ†é¡¹â€è‡ªç„¶å°±æˆå¿…å†™äº†è€Œä¸”æœ€å¥½å¤šå†™ä¸€ç‚¹ä¸ç„¶å°±æ­£å¤ªäº†ï¼Œæ— è¯å¯è¯´
102543,702,çŽ‹æ¯…,2019-02-06 11:41:56,20,22,2,ä¸€ç›´ä»¥æ¥å¯¹ä¸­è¯éƒ½æœ‰ç€æµ“åŽšçš„å…´è¶£ï¼Œåœ¨é€‰è¯¾å‰çœ‹åˆ°è¯„è®ºåŒºå¯¹è€å¸ˆç»™åˆ†å·®çš„è¯„ä»·è‡ªå·±è¿˜æœ‰äº›çŠ¹è±«ï¼Œä¸è¿‡æœ€åŽè¿˜æ˜¯å†’ç€è¢«æ‹‰ä½Žå‡ç»©çš„é£Žé™©é€‰äº†è¿™é—¨è¯¾â€¦â€¦ä¸Šå®Œè¿™é—¨è¯¾æˆ‘çš„åˆ‡èº«ä½“ä¼šæ˜¯è€å¸ˆå’ŒåŠ©æ•™å§å§éƒ½éžå¸¸è®¤çœŸè´Ÿè´£ï¼Œä¹Ÿäº†è§£åˆ°äº†å¾ˆå¤šä¸­åŒ»è¯åŠå…¶ä»–è¯å­¦çŸ¥è¯†ï¼Œä½œä¸ºä¸€åç¤¾ç§‘å­¦ç”Ÿï¼ŒçœŸçš„è§†é‡Žå¼€é˜”äº†ä¸å°‘ï¼ŒæœŸæœ«çš„å°ç»„å±•ç¤ºæ„Ÿè§‰æ¯ä¸ªå°ç»„éƒ½ååˆ†ç”¨å¿ƒï¼Œä¹Ÿæ˜¯æˆ‘æœ¬å­¦æœŸä¸Šè¿™ä¹ˆå¤šè¯¾è§è¿‡çš„æœ€æ£’çš„å°ç»„å±•ç¤º(à¸…>Ï‰<*à¸…)æœ€åŽåœ¨æ’°å†™è®ºæ–‡å’Œè¯»ä¹¦æŠ¥å‘Šæ—¶æŸ¥é˜…äº†å¾ˆå¤šæ–‡çŒ®ï¼Œè¿›ä¸€æ­¥äº†è§£äº†ä¸­åŒ»è¯çš„çŸ¥è¯†ï¼Œæ„Ÿè§‰çœŸçš„æ”¶èŽ·äº†å¾ˆå¤šâ€¦â€¦æœ€åŽæˆ‘çš„ç»©ç‚¹è™½ç„¶æ²¡æœ‰ç‰¹åˆ«é«˜ï¼Œåªæ˜¯ä¸­ç­‰æ°´å¹³ï¼Œä½†æˆ‘è§‰å¾—çœŸçš„æ˜¯ä¸€ä»½ä»˜å‡ºï¼Œä¸€ä»½å›žæŠ¥å§(à¸…>Ï‰<*à¸…)\n\n
123514,702,çŽ‹æ¯…,2020-06-09 08:58:28,0,0,0,ä¸“ä¸šé€‰ä¿®è¯¾ç»™åˆ†å¥½
125973,702,çŽ‹æ¯…,2020-09-16 06:47:10,0,1,1,æ¯å¹´çš„åŠ©æ•™ä¸ä¸€æ ·ï¼Œç»™åˆ†ä¹Ÿä¸ä¸€æ ·ã€‚
131138,702,çŽ‹æ¯…,2021-01-26 06:56:56,1,2,1,åŽ»å¹´çš„ç¥žå†œæœ¬è‰ï¼Œè¯¾ç¨‹æ¯”è¾ƒè½»æ¾çš„ï¼Œå°ç»„æ°›å›´ä¹Ÿå¾ˆå¥½ï¼Œä¸Šè¯¾å¬çš„ä¸å¤ªå¤šï¼Œä¸è¿‡è®ºæ–‡å’Œè¯»ä¹¦æŠ¥å‘Šè¿˜æ˜¯æœ‰è®¤çœŸå†™ã€‚æœ€åŽæˆç»©ä¸é”™ï¼Œæ„Ÿå…´è¶£æ¯”è¾ƒæŽ¨èã€‚
132671,702,çŽ‹æ¯…,2021-02-03 08:44:34,1,1,0,è€å¸ˆæ•™çš„è¶…çº§å¥½ï¼Œç»™åˆ†é è‡ªå·±åŠªåŠ›
168346,702,çŽ‹æ¯…,2023-02-13 04:38:46,3,4,1,æ„Ÿè§‰è€å¸ˆç»™åˆ†æ²¡æœ‰é‚£ä¹ˆå·®å§ï¼Œåæ­£æˆ‘ä¸€èŠ‚è¯¾éƒ½æ²¡å¬è¿‡ï¼Œè®ºæ–‡2700å­—å·¦å³ï¼ŒåŠ ä¸€ç¯‡è¯»ä¹¦ç¬”è®°ï¼Œä¹Ÿå‹‰å¼ºä¸Š4äº†
169420,702,çŽ‹æ¯…,2023-02-26 05:32:34,0,0,0,åˆ†ä¸é«˜
188700,702,çŽ‹æ¯…,2024-01-19 15:13:49,1,1,0,è€å¸ˆä¸ç‚¹åï¼Œè®²çš„è¿˜å¯ä»¥ï¼Œä½†ä¸­é—´æœ‰å¥½å‡ èŠ‚è¯¾éƒ½ä¸æ˜¯è‡ªå·±è®²çš„ï¼Œå†åŠ ä¸ŠåŽé¢çš„å°ç»„å±•ç¤ºçŽ¯èŠ‚ï¼Œå¯èƒ½è‡ªå·±ä¸€å…±ä¹Ÿå°±è®²äº†ä¸€åŠå§...ç„¶åŽè€å¸ˆä¸€å¼€å§‹å°±è¯´è¿™è¯¾ç»™åˆ†ä¸å¥½ï¼Œæœ‰å…´è¶£çš„è¯å¯ä»¥æ—å¬ï¼Œï¼Œå¼€å§‹æ²¡å½“å›žäº‹ï¼Œå‡ºåˆ†åŽæˆç»©çœŸçš„ç‚¸è£‚ï¼Œæœ€ä½Žçš„ä¸€é—¨ã€‚ã€‚ã€‚æ˜Žæ˜Žå°ç»„å±•ç¤ºå¾—åˆ†æŒºå¥½ï¼Œç„¶åŽè¯»ä¹¦ç¬”è®°äº¤äº†ä¸¤ç¯‡ï¼Œè®ºæ–‡ä¸ç®—å·æœ‰å·®ä¸å¤š3000å­—ï¼ˆæŸ¥è¿‡é‡15%å·¦å³ï¼‰ï¼Œæœ€åŽ3.3ï¼ŒçœŸçš„å®Œå…¨å®Œå…¨ä¸èƒ½ç†è§£ï¼Œæ‰€æœ‰è¯¾åˆ«è¯´é€šè¯†è¯¾äº†ï¼Œå³ä½¿åŠ ä¸Šä¸“ä¸šè¯¾ä¹Ÿæ˜¯æˆç»©æœ€ä½Žçš„ï¼Œæœ‰æ­£æ€éœ€æ±‚ä¸ç»™ç‰¹åˆ«é«˜åˆ†ä¹Ÿèƒ½ç†è§£ï¼Œä½†çœŸçš„ç»™åˆ†è¿™ä¹ˆå·®è¿˜æ˜¯éœ‡æ’¼äº†ï¼Œä¸çŸ¥é“å“ªé‡Œæœ‰é—®é¢˜ï¼Œè¿™ç§é€šè¯†è¯¾å¥½æ­¹ç»™ä¸ªè¿‡å¾—åŽ»çš„åˆ†å§ï¼ŒçœŸçš„ä»‹æ„æˆç»©çš„æ…Žé€‰ã€‚ã€‚ã€‚
188780,702,çŽ‹æ¯…,2024-01-20 02:29:42,0,1,1,è€å¸ˆä¸Šè¯¾å¾ˆæœ‰æ„æ€ï¼Œä½œä¸šä»»åŠ¡ä¹Ÿä¸å¯¹ï¼Œä½†æ˜¯æ‰“åˆ†æ˜¯çœŸçš„ä¼šè°¢ï¼Œä½œä¸ºé€šè¯†è¯¾éƒ½æ˜¯æ‰€ä»¥åˆ†æ•°é‡Œæœ€ä½Žçš„
17533,717,é™ˆæŸ³è“‰,2016-01-20 10:52:34,0,0,0,å·®å·®å·®
61484,717,é™ˆæŸ³è“‰,2017-11-17 14:24:58,0,0,0,111
85530,717,é™ˆæŸ³è“‰,2018-07-19 03:37:08,0,1,1,ä¸Šè¯¾åƒæ˜¯å¿µç»ã€‚ç›¸ä¿¡è€å¸ˆæ˜¯æœ‰è´§çš„å…ˆï¼Œä½†æ˜¯ä¸Šè¯¾çœŸçš„ç»™äººæ„Ÿè§‰åœ¨å¿µç»è¿˜åƒè¯»PPTã€‚
123803,717,é™ˆæŸ³è“‰,2020-06-14 10:06:09,6,6,0,æˆ‘å¹çˆ†å¤©ç„¶è¯ç‰©è¿™é—¨è¯¾\n\næŽ¨èåˆ«çš„å­¦é™¢çš„åŒå­¦é€‰æ¥å½“ä¸ªæ€§\n\nåªéœ€è¦40åˆ†å¹³æ—¶åˆ†ï¼Œå¯ä»¥æ”¶èŽ·å››ä»½å¤§ä½œä¸š\n\nè¯å­¦é™¢ç‰¹è‰²ï¼Œç›¸åŒå­¦åˆ†ï¼Œæ›´å¤šé”»ç‚¼çš„æœºä¼šï¼Œå¤ªæ„Ÿè°¢è€å¸ˆäº†
77170,786,æœæ°¸å¿ ,2018-05-03 09:26:17,2,4,2,ä¸€ä¸ªå­¦æœŸæœ‰ä¸€æ¬¡ç‚¹åï¼Œä¸€æ¬¡å±•ç¤ºï¼ˆè®²ä¸€ç¯‡è‹±æ–‡è®ºæ–‡ï¼‰æœŸæœ«äº¤ä¸€ç¯‡ç»¼è¿°æ€§è®ºæ–‡ï¼ˆæŸ¥10ç¯‡è‹±æ–‡æ–‡çŒ®ï¼‰ï¼Œç»™åˆ†å¾ˆå¥½ï¼Œè®²è¯¾å†…å®¹æœ‰ç‚¹å¤šä¸”æ‚ï¼Œéžè¯ç‰©åˆ¶å‰‚å­¦ç”Ÿå¬ä¸å¤ªæ‡‚ï¼Œä¸è¿‡ç»™ä¸ªæ¦‚å¿µæ€§çš„å°è±¡è¿˜ä¸é”™ï¼Œæ‹“å®½ä¸€ä¸‹è§†é‡Žã€‚
77501,786,æœæ°¸å¿ ,2018-05-06 06:22:44,0,4,4,å°½ç®¡é€‰çš„äººå¾ˆå°‘ï¼Œä½†æœè€å¸ˆæ¯èŠ‚è¯¾éƒ½å¯ä»¥è¯´æ˜¯ç”¨å¿ƒçš„åœ¨è®²ã€‚
170206,786,æœæ°¸å¿ ,2023-03-02 03:43:45,1,2,1,æœè€å¸ˆæŒºå¥½çš„
221687,786,æœæ°¸å¿ ,2025-06-25 08:47:48,1,1,0,æœè€å¸ˆäººå¾ˆå¥½ï¼Œä¸Šè¯¾å°±äº”ä¸ªå­¦ç”Ÿï¼Œè°ä¸æ¥éƒ½çŸ¥é“
15123,821,é«˜å»ºé’,2016-01-12 06:58:39,14,21,7,å¥½å¥½å¥½
29026,821,é«˜å»ºé’,2016-06-29 06:45:47,5,12,7,å¥½è€å¸ˆï¼Œä¸Šè¯¾ç”ŸåŠ¨ï¼Œä¸¥è°¨è®¤çœŸè¿˜æ…ˆç¥¥
214987,821,é«˜å»ºé’,2025-02-19 17:42:34,4,6,2,æœ¬ç§‘è¯¾å¯ä»¥é€‰ï¼Œç ”ç©¶ç”Ÿå¯¼å¸ˆåˆ«æ¥ï¼Œè°æ¥è°åŽæ‚”
173623,863,ä½™éœ²å±±,2023-05-30 11:49:20,0,0,0,666
173624,863,ä½™éœ²å±±,2023-05-30 12:15:54,0,1,1,å‘µå‘µï¼Œä¸æ¯«ä¸è€ƒè™‘å­¦ç”Ÿæƒ…å†µæ„è§ï¼ŒåªçŸ¥é“è®©å­¦ç”Ÿå‘æŒ¥æµ™å¤§å­¦ç”Ÿçš„ä¼˜åŠ¿666
173625,863,ä½™éœ²å±±,2023-05-30 12:43:06,0,0,0,666666666666666666666
173831,863,ä½™éœ²å±±,2023-06-03 11:23:52,0,1,1,66666666666666666666666666
7846,918,éŸ©å³°,2015-09-15 15:17:49,0,1,1,æ°”æ°›å¾ˆè½»æ¾
63169,918,éŸ©å³°,2017-11-29 02:06:58,0,0,0,è€å¸ˆè®²è¯¾æœ‰è¶£ï¼
63172,918,éŸ©å³°,2017-11-29 02:29:12,0,0,0,å®Œç¾Žï¼
220302,950,æ›¾è‹,2025-06-17 07:59:25,0,0,0,è¶…è®¤çœŸçš„å°è€å¤´
27910,1005,éŸ©æ—»,2016-06-28 04:43:30,0,1,1,äººæŒºå¥½ï¼Œç»™åˆ†ä¸€èˆ¬
215961,1005,éŸ©æ—»,2025-03-08 08:03:11,5,5,0,æœ‰æ—¶å€™æ„Ÿè§‰è€å¸ˆä¹Ÿä¸çŸ¥é“è¦åšä»€ä¹ˆðŸ˜‚
220301,1005,éŸ©æ—»,2025-06-17 07:57:51,0,0,0,æ„Ÿè§‰è€å¸ˆæ˜¯å¾ˆç”¨å¿ƒæžå­¦æœ¯çš„é‚£ä¸€å¦ï¼Œä¸Šè¯¾éœ€è¦é€‚åº”å’Œç£¨åˆï¼Œå¶å°”çŠ¯ç³Šæ¶‚å¾ˆæžç¬‘ï¼Œå€’ä¹Ÿ...è¿‡å¾—åŽ»
112,1098,é™ˆæž¢é’,2015-03-14 15:58:16,0,6,6,ç»å¯¹çš„å¥½è€å¸ˆï¼ä¸Šä»–çš„è¯¾æ”¶èŽ·å¾ˆå¤§
15052,1369,å´æ°¸æ±Ÿ,2016-01-11 16:50:50,1,1,0,è›®å¥½çš„è€å¸ˆã€‚ä¸Šè¯¾è®²å¾—æŒºå¥½çš„
15127,1369,å´æ°¸æ±Ÿ,2016-01-12 07:01:16,1,1,0,å¥½å¥½å¥½
36423,1369,å´æ°¸æ±Ÿ,2016-11-13 11:30:50,3,3,0,å¬è¯¾å¬å¾—å¾ˆèˆ’æœï¼Œè€å¸ˆè®²è¯¾ä¹Ÿæ˜¯æ»¡è„¸ç¬‘å®¹çš„ã€‚
103135,1369,å´æ°¸æ±Ÿ,2019-02-26 06:23:49,0,0,0,å¤§é€—æ¯”
128085,1369,å´æ°¸æ±Ÿ,2021-01-22 02:27:09,4,4,0,ä¸Šè¯¾èˆ’æœ
56560,1390,èƒ¡ç‘œå…°,2017-07-04 03:40:34,0,0,0,ä¸Šè¯¾ç…§ç€pptå¿µï¼Œè¶…çº§æ— èŠã€‚æ²¡è§è¿‡è¿™ä¹ˆæ— èŠçš„ä¸ä¼šè®²è¯¾çš„è€å¸ˆ å¤§æ¦‚æ˜¯å­¦æœ¯ç ”ç©¶å¾ˆå¼ºå§å‘µå‘µå‘µå‘µå‘µ
106058,1390,èƒ¡ç‘œå…°,2019-04-24 15:49:39,1,1,0,èƒ¡è€å¸ˆäººçœŸçš„å¥½ç»™åˆ†çœŸçš„ç‹ 
5680,1514,èƒ¡å¯Œå¼º,2015-07-09 06:25:30,4,7,3,ç»™åˆ†èµž\(â‰§â–½â‰¦)/
22532,1514,èƒ¡å¯Œå¼º,2016-03-07 12:32:42,2,4,2,è€å¸ˆå¾ˆæœ‰çŸ¥è¯†ï¼Œä¸è¿‡å¯èƒ½ä¼šæž¯ç‡¥ï½ž
24880,1514,èƒ¡å¯Œå¼º,2016-05-04 08:03:21,4,12,8,è€å¸ˆåªæ˜¯è¿½æ±‚è‡ªå·±å›ºæ‰§è®¤ä¸ºçš„ï¼Œå¾ˆå®¹æ˜“è§‰å¾—æž¯ç‡¥ï¼Œä¸è¿‡å¯¹å±•ç¤ºpptçš„èƒ½åŠ›ä¼šæœ‰æå‡ï¼Œç„¶åŽæˆ‘æ˜¯è¢«æ— å¥ˆçš„æ­£æ€äº†
24882,1514,èƒ¡å¯Œå¼º,2016-05-04 08:07:13,-5,4,9,éžå¸¸æœ‰è¶£
25108,1514,èƒ¡å¯Œå¼º,2016-05-05 11:00:25,1,4,3,ç»™åˆ†ä¸å¥½ï¼Œè€Œä¸”è€å¸ˆå¯¹pptçš„è®¾è®¡è·Ÿä¸»æµè¿¥å¼‚ï¼Œå¾ˆéš¾è®©äººä¿¡æœ
55604,1514,èƒ¡å¯Œå¼º,2017-07-02 04:32:45,6,8,2,è€å¸ˆæœ‰æƒ³æ³•ï¼Œå¾ˆæœ‰ç§‘ç ”ç²¾ç¥žï¼Œå¾ˆæ³¨é‡åšPPTçš„èƒ½åŠ›å’Œå±•ç¤º
62011,1514,èƒ¡å¯Œå¼º,2017-11-22 06:52:37,2,3,1,æˆ‘è§‰å¾—å§ï¼Œè€å¸ˆå…¶å®žè¿˜ä¸é”™çš„ï¼Œåªè¦è®¤çœŸçš„è¯ï¼Œåˆ†æ•°ä¸ä¼šå¾ˆä½Ž
62044,1514,èƒ¡å¯Œå¼º,2017-11-22 08:55:08,1,2,1,ç»™åˆ†çœŸçš„ä½Žï¼Œéƒ½è®¤è®¤çœŸçœŸåšäº†ï¼Œå”‰
62364,1514,èƒ¡å¯Œå¼º,2017-11-24 11:55:53,1,3,2,ç»™åˆ†ä½Ž
64363,1514,èƒ¡å¯Œå¼º,2017-12-23 02:59:21,1,2,1,ç»™åˆ†ä½Žï¼Œå…¨çœ‹pptåšçš„æ€Žä¹ˆæ ·ã€‚åŠ©æ•™æ˜¯ä¸ªç ”ç©¶ç”Ÿï¼Œè¿˜ä¸é”™ã€‚
143673,1514,èƒ¡å¯Œå¼º,2021-12-01 09:23:41,-1,1,2,ç»™åˆ†çœŸçš„æ— è¯­ã€‚ã€‚ã€‚ã€‚ã€‚
143674,1514,èƒ¡å¯Œå¼º,2021-12-01 09:23:49,1,1,0,å“ˆå“ˆå“ˆ
143738,1514,èƒ¡å¯Œå¼º,2021-12-03 14:04:28,3,3,0,ä¸Šè¯¾ä¸»è¦æ˜¯ç§‘æ™®ï¼Œå­¦åˆ°çš„ä¸»è¦æ˜¯åšppt\n\nå¯¹pptè¦æ±‚æ¯”è¾ƒé«˜
143845,1514,èƒ¡å¯Œå¼º,2021-12-08 11:06:02,2,2,0,ä½œä¸šæŒºå¤šçš„ ä½†æ˜¯åšpptçš„èƒ½åŠ›å¾—åˆ°äº†å¾ˆå¥½çš„é”»ç‚¼ ç»™åˆ†ä¹Ÿå¾ˆé«˜ å°±æ˜¯è€å¸ˆæœ¬äººç¨å¾®æœ‰ç‚¹æ¸…é«˜ èƒ½åŠ›è¿˜æ˜¯å¾ˆå¼ºçš„
179463,1514,èƒ¡å¯Œå¼º,2023-09-16 09:29:49,0,0,0,è€å¸ˆçœŸçš„å¾ˆå’Œè”¼ï¼
15125,1564,åˆ˜æ»”,2016-01-12 06:59:35,4,7,3,å¥½å¥½å¥½
9934,1574,æ¨æ™“æ˜¥,2015-11-13 01:44:07,2,2,0,éžå¸¸å¥½çš„è€å¸ˆï¼Œäººå¾ˆniceï¼Œå°±ç‚¹è¿‡ä¸€æ¬¡åï¼Œå› ä¸ºäººåˆ°çš„å®žåœ¨å¤ªå°‘äº†ã€‚
21227,1574,æ¨æ™“æ˜¥,2016-02-27 03:40:01,2,3,1,éžå¸¸å¼€å¿ƒ
199613,1574,æ¨æ™“æ˜¥,2024-09-26 08:38:09,0,0,0,è€å¸ˆå¾ˆå¥½ï¼Œä½†æ˜¯è¦åæ§½ä¸€ä¸‹æ¨è€å¸ˆçš„è¯ç†å­¦PPTï¼Œæ„Ÿè§‰å’Œåå¹´å‰çš„ä¸€æ ·ï¼Œçœ‹ç€å¾ˆéš¾å—(â—žâ€¸â—Ÿ )
59932,1585,åˆ˜é¾™å­,2017-09-28 09:49:40,4,6,2,å¾ˆå¥½å“‡
62674,1585,åˆ˜é¾™å­,2017-11-26 10:49:47,-1,1,2,ç»™åˆ†æ˜¯çœŸçš„å¥½?
62704,1585,åˆ˜é¾™å­,2017-11-26 13:11:11,2,4,2,ä¸Šè¯¾åŸºæœ¬ä¸ç”¨å¬ æœ€åŽä¸€ç¯‡è®ºæ–‡ ç»™åˆ†å¾ˆå¥½äº†
62751,1585,åˆ˜é¾™å­,2017-11-27 00:51:17,0,6,6,æ€»ä½“ä¸Šæ¥è¯´æ„Ÿè§‰è¿™é—¨è¯¾å°±æ˜¯ä»‹ç»åŒ–å¦†å“çš„ã€‚ä¸Šè¯¾æœ‰æ—¶å€™ç‚¹åï¼ŒæœŸæœ«äº¤ä¸€ç¯‡å…³äºŽåŒ–å¦†å“çš„è®ºæ–‡ï¼Œä¸è€ƒè¯•ï¼Œæ€»ä½“ä¸Šæ¥è¯´è¿˜æ˜¯æŒºæ°´çš„ã€‚è¿™ä¸ªè€å¸ˆäººæŒºå¥½ï¼Œç»™åˆ†ä¹Ÿå¥½ï¼Œä½†æ˜¯å¿µè¯¾æœ¬ï¼ŒçŠ¯ä¸€äº›å¸¸è¯†æ€§é”™è¯¯ï¼ˆæ¯”å¦‚ä»–è¯´å†²åŠ¨åœ¨è›™åéª¨ç¥žç»ä¸Šä¼ æ’­é€Ÿåº¦1m/sï¼‰è¿˜è®²çš„æ´‹æ´‹å¾—æ„ï¼Œæ‰€ä»¥ç»™å…«åˆ†ã€‚
62907,1585,åˆ˜é¾™å­,2017-11-27 10:15:07,0,2,2,ä¸Šè¯¾çœŸçš„å¾ˆæ°´å•¦ï¼Œè€å¸ˆè®²çš„ä¹Ÿå¾ˆæ— è¶£ï¼Œå†²ç€åŒ–å¦†å“åŽ»çš„å¥³ç”Ÿå¯èƒ½è¦å¤±æœ›äº†ï¼Œä½†æ˜¯åªè¦æœ€åŽè®ºæ–‡è®¤çœŸå†™ç»™åˆ†è¿˜æ˜¯å¾ˆå¥½çš„ï¼
62930,1585,åˆ˜é¾™å­,2017-11-27 11:32:04,0,2,2,è€å¸ˆä¸Šè¯¾å…¶å®žæŒºæ— èŠçš„ï¼Œä¼šç­¾åˆ°ä¸‰æ¬¡ï¼Œä¸è®¡å‘è¨€åˆ†ï¼Œæœ€åŽä¸€ç¯‡è®ºæ–‡ï¼Œç»™åˆ†å¾ˆå¥½ã€‚
64050,1585,åˆ˜é¾™å­,2017-12-20 16:27:18,0,2,2,äººå¥½ï¼Œç»™åˆ†å¥½ï¼Œè¶³çŸ£ã€‚
64459,1585,åˆ˜é¾™å­,2017-12-24 06:30:53,1,2,1,ç»™åˆ†å¾ˆå¥½
69610,1585,åˆ˜é¾™å­,2018-01-25 05:26:10,1,3,2,æœ‰ç­¾åˆ°ï¼Œè€å¸ˆäººå¾ˆå¥½ï¼Œç»™åˆ†ä¹Ÿå¾ˆå¥½
78431,1585,åˆ˜é¾™å­,2018-05-11 16:16:01,3,5,2,è€å¸ˆäººå¾ˆå¥½ï¼Œå¯¹è®ºæ–‡æ ¼å¼è¦æ±‚æ¯”è¾ƒä¸¥æ ¼ï¼Œè®ºæ–‡æŒ‰ç…§æ ¼å¼å†™ï¼ŒæœŸæœ«å¼€å·è€ƒè®¤çœŸè€ƒï¼Œè€å¸ˆç»™åˆ†å¾ˆå¥½çš„
104315,1585,åˆ˜é¾™å­,2019-03-18 00:12:24,5,5,0,ä¸Šè¯¾ä¸è®²è¯¾ï¼Œä¸€ç›´åœ¨è®²æ— å…³çš„é—²è¯ã€‚
119703,1585,åˆ˜é¾™å­,2019-11-15 02:42:08,5,5,0,ä¸Šè¯¾æ— èŠï¼Œç»™åˆ†ä¸€èˆ¬ä½†æ˜¯ç•¥è¿·ï¼Œä¸Šè¯¾è¡¨è¾¾çš„è§‚ç‚¹æœ‰ç‚¹è¯¡å¼‚ï¼Œå­¦åˆ†å¥½æ°´ï¼Œä½†æ˜¯ä¸æœ‰è¶£ã€‚
119736,1585,åˆ˜é¾™å­,2019-11-15 05:09:19,5,6,1,æƒ³çŸ¥é“å‡ç»©çœŸçš„æœ‰4.55å—......
119803,1585,åˆ˜é¾™å­,2019-11-16 01:41:43,0,1,1,å‡ç»©åº”è¯¥æ²¡æœ‰4.55 å§ ä¸è¿‡ç¡®å®žå¾ˆæ°´
127779,1585,åˆ˜é¾™å­,2020-11-27 01:44:49,1,2,1,åŒ–å¦†å“å·¥è‰ºå­¦ï¼Œä¸Šè¯¾å¾ˆæ°´ï¼Œè€ƒæ ¸æ–¹å¼ç‚¹å+ä¸€ç¯‡è®ºæ–‡ï¼Œè®ºæ–‡é€‰ä¸€ç§åŒ–å¦†å“å†™ï¼Œç»™åˆ†ä¸é”™
3007,1754,å‘¨å©•,2015-05-12 23:58:06,6,12,6,ä¸èƒ½å†èµžå•Šï¼Œä¸Šè¯¾å¾ˆè‰¯å¿ƒï¼Œäººä¹Ÿéžå¸¸å¥½ï¼Œå’Œæˆ‘ä»¬è¯´å¥½äº†ä¸ç‚¹åï¼Œç„¶åŽå¹³æ—¶ä¹Ÿæ²¡æœ‰ä½œä¸šï¼ŒæœŸæœ«ä½œä¸šå°±æ˜¯ä¸¤å¼ çº¸çš„å°è®ºæ–‡ã€‚æœ€ä¸»è¦æ˜¯è€å¸ˆäººå¥½å•Šï¼Œå–œæ¬¢è®²ç¬‘è¯ï¼Œç»™åˆ†ä¹Ÿé«˜ ã€‚
3011,1754,å‘¨å©•,2015-05-13 06:33:22,5,9,4,å¯¹äºŽæ¥¼ä¸Šï¼Œæˆ‘æƒ³è¯´è¿™ä¸ªä¼ä¸šè§„åˆ’æ¶‰åŠæ›´å¤šçš„æ˜¯ç†ç§‘å¥½å—
3018,1754,å‘¨å©•,2015-05-13 02:28:11,2,8,6,æ˜Žæ˜Žæ˜¯ç§‘å­¦ç±»ï¼Œç»“æžœéœ€è¦åšä¸€ä¸ªå…¬å¸ä¼åˆ’ï¼Œç†ç§‘ç”Ÿæ‰‘è¡—ã€‚
3525,1754,å‘¨å©•,2015-06-17 01:28:13,7,8,1,è¿™è€å¸ˆå¾ˆå¥½å•Š
3857,1754,å‘¨å©•,2015-06-17 06:41:23,10,12,2,è¯¾å ‚æ°”æ°›å¥½ï¼Œä¸ç®¡è®²å¾—æ€Žä¹ˆæ ·ï¼Œè‡³å°‘æˆ‘å¬è¿›åŽ»äº†ã€‚è¿™å¾ˆéš¾å¾—
5500,1754,å‘¨å©•,2015-07-08 03:26:21,5,7,2,è¶…çº§èµžçš„è€å¸ˆ
5531,1754,å‘¨å©•,2015-07-08 05:28:16,19,24,5,è¶…çº§å¥½ï¼Œæœ¬æ¥ä¸å¬è¯¾ï¼Œéƒ½å¸¦æˆå¬è¯¾äº†ã€‚æ€§æ ¼ä¹Ÿå¾ˆå¥½ã€‚
7003,1754,å‘¨å©•,2015-08-25 11:07:33,5,8,3,è¶…çº§å¥½ï¼Œè®²è¯¾ä¹ŸæŒºå¹½é»˜çš„ï¼Œæœ¬æ¥å¯¹è¯¾å ‚å†…å®¹çœŸå¿ƒä¸æ„Ÿå…´è¶£çš„æˆ‘éƒ½è¢«å¸¦ç€å¬è¯¾äº†ï¼Œä½œä¸šä¸å¤šï¼ŒæœŸæœ«å°±ä¸€ä¸ªåŸºå› å…¬å¸çš„ç­–åˆ’
7693,1754,å‘¨å©•,2015-09-15 09:22:21,1,3,2,è¶…çº§å¥½
9788,1754,å‘¨å©•,2015-11-09 06:09:43,1,2,1,è¶…çº§æ£’
19343,1754,å‘¨å©•,2016-01-24 02:28:19,1,2,1,å¥½ï¼Œå¾ˆå¥½
22120,1754,å‘¨å©•,2016-03-02 11:38:57,7,8,1,éš¾å¾—å¥½è€å¸ˆï¼Œæ»¡åˆ†ï¼ï¼ï¼\n\nå£å¤´ç¦… å¤§å®¶ä¸è¦é¸¡å†»(Tï¼¿T)/~~
22691,1754,å‘¨å©•,2016-03-10 02:42:02,1,3,2,å¥½å¥½å¥½
23567,1754,å‘¨å©•,2016-04-06 12:21:27,1,2,1,è€å¸ˆä¼šè®²å¾ˆå¤šå’ŒåŸºå› ç›¸å…³çš„å‰æ²¿ç§‘æŠ€ï¼Œå¯ä»¥å­¦ä¼šå¾ˆå¤šå•Šï¼Œèµž
24313,1754,å‘¨å©•,2016-04-29 10:07:02,3,5,2,è€å¸ˆä¼šå‘çº¢åŒ…å“¦(^Ð·^)æˆ‘å·®ç‚¹å°±æ˜¯è¿æ°”çŽ‹
24438,1754,å‘¨å©•,2016-04-30 13:56:03,0,2,2,æˆ‘åªèƒ½è¯´ï¼Œè€å¸ˆæ˜¯çœŸçš„å¥½
24503,1754,å‘¨å©•,2016-05-01 00:56:38,1,2,1,ä¸ä»…å­¦ä¹ åŸºå› æµ‹åºçŸ¥è¯†ï¼Œè¿˜æ—è§‚ç§‘ç ”å·¥ä½œè€…çš„å·¥ä½œæ—¥å¸¸ç™¾æ€ï¼Œå¹³æ—¶ååˆ†è½»æ¾ä½†éžå¸¸å—ç”¨ã€‚å¾ˆniceçš„è€å¸ˆã€‚
24564,1754,å‘¨å©•,2016-05-02 00:30:19,1,2,1,å¾ˆæ£’çš„ä¸€ä½è€å¸ˆï¼Œè¯¾å ‚æ°›å›´å¾ˆå¥½ï¼Œå¼ºçƒˆæŽ¨è
24742,1754,å‘¨å©•,2016-05-03 09:27:20,1,2,1,æ‰©å……çš„å†…å®¹å¤š\n\n
25015,1754,å‘¨å©•,2016-05-05 01:13:29,4,5,1,å¼ºæŽ¨ï¼Œè™½ç„¶æˆ‘æœ€åŽåˆ†ä¸é«˜ï¼Œä½†æ­£æ€åˆ†å¸ƒä¸æ˜¯è€å¸ˆçš„é”™
26856,1754,å‘¨å©•,2016-06-21 10:21:37,0,2,2,è€å¸ˆçœŸçš„è¶…çº§å¥½å•ŠT^T ä½†ä»Šå¹´å¥½åƒä¸å¼€è¯¾äº†T^T
28476,1754,å‘¨å©•,2016-06-28 09:14:47,0,1,1,çœŸçš„å¾ˆå¥½
29023,1754,å‘¨å©•,2016-06-29 06:43:07,0,1,1,å¾ˆå¥½ä¸Šè¯¾å¾ˆç”ŸåŠ¨
32687,1754,å‘¨å©•,2016-07-09 10:56:51,7,8,1,å·¥ç§‘ç‹—ã€‚ç»©ç‚¹åˆšå¥½4ã€‚è€å¸ˆæŒºå¥½ã€‚æ•™çš„æŒºå¥½ï¼Œæœ€åŽä¸€é—¨ä¸ªæ€§ä¿®çš„å¾ˆå¼€å¿ƒã€‚å†è§ç´«é‡‘æ¸¯ã€‚2016.7
44189,1754,å‘¨å©•,2017-01-17 11:45:17,0,1,1,è€å¸ˆè¶…çº§å¥½
49734,1754,å‘¨å©•,2017-04-25 03:37:09,2,3,1,æ–‡ç§‘ç”Ÿä»¬ï¼ŒèµŒè¿æ°”å§
49844,1754,å‘¨å©•,2017-04-26 12:47:11,2,2,0,è¶…çº§æœ‰è¶£çš„è€å¸ˆï¼Œè¿˜æœ‰å‘¨å±•è€å¸ˆå¸…çˆ†ï¼Œå¤§å®¶éƒ½å¾ˆèˆä¸å¾—çš„è¯¾ï¼Œæ€»ä¹‹å°±æ˜¯ä¸€ä¸ªå­—ï¼šçˆ±ï¼
49845,1754,å‘¨å©•,2017-04-26 12:48:03,0,0,0,è€å¸ˆå¾ˆå¥½çš„
49846,1754,å‘¨å©•,2017-04-26 12:48:22,4,5,1,è¿™ä¸ªè€å¸ˆè®©æˆ‘åœ¨ç¿˜è¯¾æ˜¯ç«Ÿç„¶æœ‰ä¸€ç§è´Ÿç½ªæ„Ÿï¼Œç¥žå¥‡çš„è€å¸ˆï¼Œå¥½è¯„ï¼å¥½è¯„ï¼
49858,1754,å‘¨å©•,2017-04-26 14:56:30,0,1,1,è¶…çº§æ£’å•Šï¼Œæ²¡æœ‰æ¯”è¿™ä¸ªè€å¸ˆæ›´æ£’çš„äº†ï¼Œä¸€ç™¾ä¸ªèµž
50334,1754,å‘¨å©•,2017-05-02 11:34:10,0,1,1,çœŸçš„å¾ˆå¥½çš„è€å¸ˆï¼Œä¸Šè¯¾ç‰¹åˆ«æœ‰è¶£
50337,1754,å‘¨å©•,2017-05-02 11:40:48,1,2,1,æ£’å‘†ï¼ç”ŸåŠ¨æœ‰è¶£ï¼å¬å”¤éœ€è¦å­¦ç§‘å­¦ä¸Žç ”ç©¶ç±»å’ŒæŠ€æœ¯ä¸Žè®¾è®¡ç±»çš„æ–‡ç§‘ç¾¤ä½“ï¼ç»å¯¹æ£’å‘†ï¼å—·å—·å—·ï¼ä¸Šè¯¾è½»æ¾ï¼Œå’Œç”Ÿæ´»ç›¸å…³ï¼Œå¼•å‘ä¸€ç‚¹ç‚¹æ€è€ƒï¼é‡ç‚¹æ˜¯ï¼Œç»™åˆ†å¾ˆå¥½ï¼
50338,1754,å‘¨å©•,2017-05-02 11:44:30,2,3,1,æœ€åŽç»©ç‚¹ä¸é«˜æ€ªè‡ªå·±æ¸£â€¦è€å¸ˆè¿˜æ˜¯å¾ˆå¥½çš„ çœ‹å‡ºæ¥æœ‰è°ƒåˆ†äº†
50343,1754,å‘¨å©•,2017-05-02 11:53:44,2,3,1,çœŸçš„æ˜¯ä¸€ä¸ªè¶…çº§å¥½çš„è€å¸ˆï¼Œè€å¸ˆçš„æ€§æ ¼ï¼Œé˜…åŽ†ï¼ŒçŸ¥è¯†æ°´å¹³ç­‰ç­‰æ–¹é¢éƒ½è¶…çº§æ£’ï¼ä¸Šè¯¾éžå¸¸æœ‰è¶£ï¼Œè€Œä¸”å¯ä»¥å­¦åˆ°å¾ˆå¤šçŸ¥è¯†ï¼Œpptçš„å†…å®¹éžå¸¸å¥½ï¼Œå¿…é¡»10åˆ†ï¼
50347,1754,å‘¨å©•,2017-05-02 12:08:10,2,3,1,è€å¸ˆäººè¶…çº§æ£’å•Šï¼Œç»å¸¸å’Œä½ èŠä¸€äº›è‡ªèº«çš„ç»åŽ†ï¼Œè¿˜ä¼šæŽ¨èåŠ¨æ¼«å’Œç”µå½±â€¦â€¦ç»™åˆ†ä¹Ÿè›®å¥½ï¼Œå¹³æ—¶ä¼šç­¾åˆ°ï¼Œä½†ä¸ç‚¹å\n\nå¿…é¡»ç»™10åˆ†å•Š
50352,1754,å‘¨å©•,2017-05-02 12:13:18,0,1,1,è€å¸ˆç‚¹åçš„ï¼Œä½†æ˜¯å¯¹äºŽç†å·¥ç§‘çš„å­¦ç”Ÿæ¥è¯´è¯¾åº”è¯¥ç›¸å½“ç®€å•ï¼Œç»™åˆ†å¾ˆå¥½ï¼Œè€å¸ˆè®²è¯¾è¶…çº§æœ‰è¶£ï½ž
50353,1754,å‘¨å©•,2017-05-02 12:15:25,6,10,4,åˆ†æ•°è¢«æ­£æ€ éš¾å—
50361,1754,å‘¨å©•,2017-05-02 12:43:51,1,2,1,æŒºå¥½çš„è€å¸ˆéžå¸¸èŒ
50380,1754,å‘¨å©•,2017-05-02 14:01:34,4,5,1,æ–‡ç§‘ç”Ÿæ…Žé€‰
50466,1754,å‘¨å©•,2017-05-03 05:20:04,5,6,1,æŒºå¥½çš„ ä½†æ˜¯æœ€åŽç»©ç‚¹æ¯”è¾ƒä½Ž
50499,1754,å‘¨å©•,2017-05-03 07:38:26,1,1,0,å¾ˆå¥½å¾ˆæ¸©æ²¹ã€‚
52710,1754,å‘¨å©•,2017-06-22 09:02:58,2,2,0,è¶…çº§è¶…çº§niceçš„è€å¸ˆï¼Œä¸Šè¿‡äº†ä¸€å¹´è¿˜æ˜¯è®°å¿†çŠ¹æ–°ï¼Œåªæ˜¯æœ€åŽè€ƒçš„å¤ªæ¸£ï¼Œä½†æ˜¯ä¸æ€ªè€å¸ˆã€‚å¼ºçƒˆæŽ¨èï¼
55194,1754,å‘¨å©•,2017-07-01 03:19:55,2,2,0,è€å¸ˆå¾ˆéšå’Œï¼Œç»™åˆ†è¶…æ£’ï¼
62215,1754,å‘¨å©•,2017-11-23 07:51:04,2,2,0,è¶…çº§å¥½çš„è€å¸ˆï¼Œå¾ˆæ¸©æŸ”
74734,1754,å‘¨å©•,2018-03-05 10:33:22,1,1,0,nbnb
76798,1754,å‘¨å©•,2018-04-23 12:56:34,1,1,0,è€å¸ˆå¥½æ¸©æŸ”ï¼ŒâŠ™Ï‰âŠ™
78120,1754,å‘¨å©•,2018-05-09 11:53:22,2,2,0,è€å¸ˆçœŸå¿ƒå¾ˆæ£’ å°±æ˜¯ç»©ç‚¹....
78121,1754,å‘¨å©•,2018-05-09 11:56:55,1,1,0,è€å¸ˆç»™åˆ†ç‰¹åˆ«å¥½ï¼Œä¸ä¼šè°ƒåˆ†çš„
78139,1754,å‘¨å©•,2018-05-09 12:50:13,1,1,0,è€å¸ˆå¾ˆæœ‰è¶£ ä¸Šè¯¾æ¯æ¬¡ç­¾åˆ° è¦æ±‚ä¸ä¸¥ æœ€åŽæˆç»©é è‡ªå·±
78243,1754,å‘¨å©•,2018-05-10 07:04:44,1,1,0,æŒºå¥½çš„è€å¸ˆï¼Œä¸åƒä¼ ç»Ÿåšç ”ç©¶çš„è€å¸ˆé‚£ä¹ˆæ­»æ¿ï¼Œä¸Šè¯¾çš„æ—¶å€™ä¸€ç›´åœ¨è®²è‡ªå·±çš„çˆ±å¥½ç”Ÿæ´»ä»€ä¹ˆçš„ï¼Œè¿˜ä¼šåŠ ä¸€ç‚¹ç§‘ç ”çš„è¶£äº‹ï¼ŒæŒºæœ‰æ„æ€çš„ã€‚ä¸è¿‡è¯¾å€’æ˜¯çœŸçš„æ²¡ä»€ä¹ˆå†…å®¹...å¹³æ—¶æ¯æ¬¡ç­¾åˆ°åŠ æœŸæœ«é—­å·è€ƒè¯•ã€‚
86054,1754,å‘¨å©•,2018-08-31 13:39:05,0,0,0,éžå¸¸èµžçš„è€å¸ˆ
91127,1754,å‘¨å©•,2018-12-01 03:19:14,1,1,0,è€å¸ˆå¤ªæ£’äº†å˜»å˜»å˜»
10589,1904,å´æ˜Šå§,2015-11-20 09:22:43,2,4,2,ã€‚ã€‚ã€‚
10953,1904,å´æ˜Šå§,2015-11-23 12:25:59,-1,4,5,å“Žå‘€ä¸Šè¯¾æ°´æ°´è€ƒè¯•æ­»æ­»ä½†å…¶å®žè€å¸ˆè¿˜æ˜¯å¾ˆå¥½
13692,1904,å´æ˜Šå§,2015-12-30 10:57:20,-3,8,11,è¯ç‰©ä¸Žå¥åº·è€å¸ˆï¼Œä¸Šè¯¾å¾ˆç”¨å¿ƒã€‚ä¸è¿‡æœ‰äº›æ— èŠï¼Œæ°´ä¸æ°´çœ‹å¿ƒæ€ã€‚ã€‚å¹³æ—¶æœ‰ä¸ªå°ç»„å±•ç¤ºã€‚ã€‚ã€‚ç»™åˆ†å¬è¯´è¿˜è¡Œï¼Œåæ­£æˆ‘åº”è¯¥è¢«æ­£æ€äº†ï¼Œä¼¤å¿ƒï¼Œä¸è¯´è¯(âŠ™xâŠ™;)
14787,1904,å´æ˜Šå§,2016-01-09 06:37:11,-5,5,10,ç»™åˆ†è¿˜è¡Œï¼Œå¯æ°´
22130,1904,å´æ˜Šå§,2016-03-02 12:22:30,-14,2,16,æŒºå¥½çš„ ç»™åˆ†ä¸é”™ æŒºæ°´
22161,1904,å´æ˜Šå§,2016-03-02 23:59:40,-12,1,13,æ£’æžäº†ï¼
25086,1904,å´æ˜Šå§,2016-05-05 08:07:11,-16,1,17,è€å¸ˆä¸Šçš„å¾ˆç”¨å¿ƒï¼Œå¥½å¥½å¬ä¼šæœ‰æ”¶èŽ·
25097,1904,å´æ˜Šå§,2016-05-05 08:44:08,-19,3,22,ä¸Šå¥¹çš„è¯ç‰©ä¸Žå¥åº·ï¼Œå•å°±è¯¾è€Œè¨€è¦çœ‹ä¸ªäººå…´è¶£ï¼Œå¯¹äºŽæˆ‘è¿™ä¸ªæ–‡ç§‘ç”Ÿä¸ºäº†kç±»çš„å­¦åˆ†ä¸Šå¾—æœ‰ç‚¹æ‡µã€‚ä½†æœ‰äº›å¥åº·çŸ¥è¯†è¿˜æ˜¯å¾ˆå®žç”¨çš„ã€‚æœŸæœ«æ˜¯å¼€å·è€ƒè¯•ï¼Œæœ‰ç‚¹éš¾ã€‚ä½†è€å¸ˆç»™åˆ†å¾ˆå¥½ï¼è€å¸ˆäººä¹Ÿå¾ˆå¥½ï¼Œå›žè®²æŸ¥æ‰¾èµ„æ–™çš„æ–¹å¼ï¼Œä¹Ÿå¾ˆç”¨å¿ƒåœ°æ”¶é›†è¯¾ç¨‹æ„è§ä¸æ–­æ”¹è¿›ï¼
26067,1904,å´æ˜Šå§,2016-06-29 06:44:11,13,20,7,è¿™è€å¸ˆä¸è¡Œã€‚ä¸å»ºè®®é€‰å¥¹çš„è¯¾ã€‚ä¸æ˜¯äººå“æ¸£ï¼Œæ˜¯æ•™å­¦ç»„ç»‡èƒ½åŠ›ä¸è¡Œï¼Œå…·ä½“çš„ï¼Œä¸å¯æè¿°ï¼Œè°ç»åŽ†è¿‡è°çŸ¥é“ã€‚
27075,1904,å´æ˜Šå§,2016-06-22 16:44:02,-52,8,60,è€å¸ˆäººå¾ˆå¥½ è®¤çœŸå¬èƒ½å­¦åˆ°æŒºå¤š è€ƒè¯•å¼€å·ç®€å• ä¸€å­¦æœŸè²Œä¼¼æ²¡æœ‰ç‚¹å å¬è¯´ç»™åˆ†å¾ˆä½Ž åæ­£æˆ‘4.8?
29025,1904,å´æ˜Šå§,2016-06-29 06:44:49,-3,2,5,ä¸€èˆ¬ï¼Œæœ‰ç‚¹æƒ³ç¡è§‰ã€‚ã€‚ã€‚æ²»ç–—å­¦å±•ç¤ºä¸æ°´ï¼
35957,1904,å´æ˜Šå§,2016-11-10 09:09:49,5,8,3,è™½ç„¶ä¸ç‚¹åï¼Œä½†äººå¤šæ•™å®¤å°ï¼ŒåŸºæœ¬ä¸Šåæ»¡ï¼Œæ‰€ä»¥æœ‰è°ä¸æ¥å°±å¾ˆæ˜Žæ˜¾ã€‚æœ‰å°ç»„å±•ç¤ºåŒå­¦æé—®çš„ï¼Œå¦‚æžœç­é‡ŒåŒå­¦ã€‚ã€‚ã€‚æ¸©å’Œä¸€ç‚¹è¿˜å¥½ï¼Œå°±æ€•è·Ÿæˆ‘ä»¬ç­ä¼¼çš„ï¼Œæœ‰äº›åŒå­¦ç‰¹åˆ«å¼ï¼Œé—®çš„é—®é¢˜å¾ˆåˆé’»ã€‚
36151,1904,å´æ˜Šå§,2016-11-10 15:15:03,-8,3,11,è¯ç‰©ä¸Žå¥åº·çš„è€å¸ˆï¼Œæ„Ÿè§‰è€å¸ˆä¸Šè¯¾æŒºç”¨å¿ƒçš„ï¼Œæœ‰å°ç»„å±•ç¤º
36248,1904,å´æ˜Šå§,2016-11-11 08:35:16,1,1,0,ï¼Œï¼Œï¼Œï¼Œ
36420,1904,å´æ˜Šå§,2016-12-20 04:46:03,6,12,6,å› ä¸ºè¿½æ±‚æ­£æ€æ‰€ä»¥æŠŠå¹³æ—¶åˆ†æŠ¹æŽ‰ï¼Œå¯æ˜¯æˆ‘åªèƒ½å¾®ç¬‘é¢å¯¹?
37560,1904,å´æ˜Šå§,2016-11-19 12:31:01,30,42,12,ä¸Šè¯¾å¾ˆéº»çƒ¦å•Šï¼Œç„¶åŽç»™åˆ†æˆ‘åˆå‘µå‘µäº†
37564,1904,å´æ˜Šå§,2016-11-19 13:09:01,-3,5,8,ä¸€å®šè¦å½“å°ç»„é•¿
37581,1904,å´æ˜Šå§,2016-11-19 14:00:14,4,8,4,ä¸Šè¯¾æ— èŠï¼Œç»™åˆ†è¶…çº§ä½Žã€‚è¦æ˜¯æ–‡ç§‘ç”Ÿæ··ç»©ç‚¹ï¼Œæœ€åŽä¸è¦é€‰è¿™é—¨è¯¾
37582,1904,å´æ˜Šå§,2016-11-19 14:04:25,1,9,8,ä¸Šçš„è¯ç‰©ä¸Žå¥åº·ï¼Œè¿™è¯¾è¯´å®žè¯å†…å®¹æŒºæ— èŠçš„ï¼Œå¯¹æˆ‘ä¸€ä¸ªæ–‡ç§‘ç”Ÿæ¥è¯´å®žåœ¨æ²¡ä»€ä¹ˆå¸å¼•åŠ›ã€‚è§‰å¾—è€å¸ˆäººä¸é”™çš„ï¼Œå¾ˆç”¨å¿ƒå®Œå–„è¯¾ç¨‹ï¼Œä½†æ˜¯è®²çš„ä¸œè¥¿æœ‰ç‚¹æ— èŠã€‚äº‹æƒ…æ¯”è¾ƒå°‘ï¼Œä¸ç‚¹åï¼Œä¸€æ¬¡å°ç»„å±•ç¤ºåŠ å¼€å·è€ƒï¼Œé¢˜é‡è›®å¤šçš„ã€‚æœ€åŽå‡ç»©ä¸é«˜ï¼Œ3.6è¿™æ ·å§ã€‚
37588,1904,å´æ˜Šå§,2016-11-19 14:27:55,14,23,9,æ€Žä¹ˆè¯´å‘¢ï¼Ÿæˆ‘æ˜¯éžå¸¸è®¤çœŸçš„å¯¹å¾…è¿™é—¨è¯¾çš„ï¼Œæ¯æ¬¡éƒ½å¥½å¥½å¬ï¼Œè€ƒå‰è¿˜æŠŠè®²ä¹‰çœ‹ç†Ÿäº†ï¼Œç„¶è€Œå¹¶æ²¡æœ‰ä»€ä¹ˆåµç”¨ï¼Œæˆ‘åªæœ‰3.6ï¼Œæ„Ÿè§‰å¾ˆå¤±æœ›ï¼Œåˆ«äººæ°´è¯¾éƒ½æ¯”æˆ‘çš„åˆ†é«˜ï¼Œæ˜¯æˆ‘å¤ªç¬¨äº†ä¹ˆã€‚
37590,1904,å´æ˜Šå§,2016-11-19 15:40:21,7,11,4,åŒæ—¶è€ƒæ ¸æ ¹æœ¬ä¸æ˜¯å¹³æ—¶50%ï¼Œå‘µå‘µ
37675,1904,å´æ˜Šå§,2016-11-20 06:20:02,44,68,24,å‘µå‘µå‘µã€‚ç»©æ€ã€‚å¤§å®¶å°å¿ƒã€‚è¿™æ˜¯æˆ‘è¿›å¤§ä¸€æœ€æœ‰å…´è¶£è‡ªå·±æƒ³å­¦çš„è¯¾ï¼Œè‡ªå·±çš„åŒ»å­¦åŸºç¡€æ„Ÿè§‰ä¹Ÿæ¯”å¾ˆå¤šå¤§ä¸€åŒ»å­¦ç”Ÿå¥½ï¼Œä¸Šè¯¾æœ€ç§¯æžçš„æ˜¯æˆ‘ï¼Œæœ€åŽç»™è¿™æ ·çš„åˆ†æ•°ï¼Œå‘µå‘µç”Ÿæ— å¯æ‹äº†ã€‚
37695,1904,å´æ˜Šå§,2016-11-20 08:48:22,5,10,5,è¯ç‰©ä¸Žå¥åº·ï¼Œè®²è¯¾ä¸€èˆ¬ï¼Œä½†æ€åº¦è¿˜è¡Œã€‚å¹³å¸¸å¯æ°´ï¼Œç»“æžœå°±æ˜¯æœŸæœ«è€ƒç¢°è¿æ°”ï¼ŒæœŸæœ«è€ƒå·¨å‘ã€‚æˆ‘è®¤çœŸçœ‹è¿‡çš„è¿˜ä¸å¦‚å…¶ä»–äººæ’žè¿æ°”çš„ã€‚å¹¸å¥½å¹³å¸¸åˆ†è¿˜å¯ä»¥ï¼Œä½†ä¹ŸæŒ½æ•‘ä¸äº†æ€»åˆ†ã€‚æˆ‘è¿˜æƒ³ä¸Š4çš„ï¼Œç»“æžœ3.6å‘µå‘µäº†
37754,1904,å´æ˜Šå§,2016-11-21 00:50:25,15,23,8,ä»˜å‡ºæœ€å¤šçš„è¯¾ç»“æžœå°±è¿™åˆ†æ•° çœ‹åˆ«äººæ°´è¯¾æ»¡ç»© è¿™è¯¾é˜…è¯»æŠ¥å‘Š å°ç»„å±•ç¤º æœŸæœ«å¼€å·è€ƒ ç»“æžœè¿˜æ˜¯æœŸæœ«åˆ†æ•°å 90% ä¸çŸ¥é“è‡ªå·±è¾›è¾›è‹¦è‹¦å‡†å¤‡ä¸ºäº†ä»€ä¹ˆ ç»å¯¹ä¸è¦é€‰è¿™è¯¾ è¯ç‰©ä¸Žå¥åº· ä¼°è®¡å‡ç»©3.3?
37759,1904,å´æ˜Šå§,2016-11-21 01:26:05,4,6,2,æ²¡æœ‰å¾ˆå¤§å…´è¶£çš„åŒå­¦è¿˜æ˜¯åˆ«é€‰äº†
37766,1904,å´æ˜Šå§,2016-12-07 08:31:32,5,9,4,å‘µå‘µå‘µ
38117,1904,å´æ˜Šå§,2016-11-24 13:44:31,-17,1,18,æ„Ÿè§‰è¿˜å¥½ï¼Œç»™åˆ†è¿˜å¯ä»¥
41813,1904,å´æ˜Šå§,2017-01-13 01:02:04,7,10,3,è¯¾çš„å†…å®¹å¾ˆæ— èŠï¼Œä¸åœçš„çŒè¾“çŸ¥è¯†ä½†æ˜¯è®°å¾—è¿›åŽ»çš„æ²¡æœ‰å¤šå°‘ï¼Œæ¯æ¬¡éƒ½æƒ³å¥½å¥½å¬æœ€åŽéƒ½ä¸çŸ¥é“åœ¨å¬ä»€ä¹ˆï¼ŒæœŸæœ«è€ƒè¿˜è®¤çœŸçœ‹äº†è®²ä¹‰ï¼Œè®²ä¹‰è¿˜é‚£ä¹ˆåŽšä»€ä¹ˆç”¨éƒ½æ²¡
49275,1904,å´æ˜Šå§,2017-04-01 05:51:47,4,5,1,ã€‚ã€‚ã€‚ã€‚
55284,1904,å´æ˜Šå§,2017-07-01 08:08:02,2,3,1,ä¸ºä»€ä¹ˆè¿˜æ²¡æœ‰å‡ºæˆç»©ã€‚ã€‚ã€‚
58696,1904,å´æ˜Šå§,2017-09-15 04:07:52,16,18,2,è¯ç‰©ä¸Žå¥åº·åˆ†æ•°å…¨ç­å‰10 ç»©ç‚¹3.9
58763,1904,å´æ˜Šå§,2017-09-16 18:31:21,9,9,0,ç†ç§‘ç”Ÿä¸€å¼€å§‹å†²ç€è¯ç‰©çš„å…´è¶£é€‰çš„ã€‚è¯ç‰©ä¸Žå¥åº·æ¯æ¬¡è¯¾ç”±ä¸åŒçš„è€å¸ˆä¸Šï¼Œä¸€å¼€å§‹è¿˜è›®æœŸå¾…çš„ã€‚ç„¶åŽä¸Šäº†è¯¾å‘çŽ°è‡ªå·±çœŸæ˜¯naiveã€‚å´è€å¸ˆä¸Šè¯¾æ¡ç†è¿˜æ˜¯æ¯”è¾ƒæ¸…æ™°çš„ï¼Œä¸è¿‡ä¹Ÿå¥ˆä½•ä¸äº†å†…å®¹æ— èŠã€‚çŠ¹è®°å¾—å…¶ä¸­æœ‰ä¸€æ¬¡è®²â€¦æ€Žä¹ˆçœ‹è¯ç‰©è¯´æ˜Žä¹¦â€¦è®²åˆ°çªè§¦è§‰å¾—å¯èƒ½â€œæœ‰ç‚¹éš¾äº†â€ã€‚è€å¸ˆä¸€ç›´è¯´æœ€åŽçš„è€ƒè¯•å¾ˆç®€å•ï¼Œå¯èƒ½é‚£æ˜¯å»ºç«‹åœ¨æŠŠæ¯ä»½pptéƒ½æ‰“å‡ºæ¥çš„åŸºç¡€ä¸Šå§ï¼Œå¾®ç¬‘ï¼ˆæœ€åŽè€ƒè¯•è®°å¿†æ€§çš„å†…å®¹æ¯”è¾ƒå¤šï¼‰ã€‚emmmmmæœ€åŽ3.6é£˜è¿‡ï¼Œå°±è¯´è¿™ä¹ˆå¤šå§ã€‚
59083,1904,å´æ˜Šå§,2017-09-19 11:04:06,13,15,2,åžƒåœ¾è€å¸ˆæ¯æˆ‘é’æ˜¥
59090,1904,å´æ˜Šå§,2017-09-19 11:29:30,16,16,0,ä¸Šè¯¾äº‹å·¨å¤šï¼Œè¯ç‰©ä¸Žå¥åº·ä½œä¸ºä¸€é—¨é€šè¯†æ˜¯ä¸æ˜¯å¤ªè¿‡äº†ã€‚æˆ‘è§‰å¾—è¿™ç§è¯¾åº”è¯¥æ˜¯è€å¸ˆçŒè¾“ç»™æˆ‘ä»¬çŸ¥è¯†ï¼Œè€Œä¸æ˜¯è®©ä»€ä¹ˆéƒ½ä¸æ‡‚çš„æˆ‘ä»¬ç›´æŽ¥åŽ»æŽ¢ç©¶è¿™ä¹ˆä¸“ä¸šçš„ä¸“ä¸šçŸ¥è¯†ï¼Œæ„Ÿè§‰æ•ˆæžœä¸æ˜¯å¾ˆå¥½ã€‚å¯¹è¯ç‰©å¾ˆäº†è§£çš„äººå¯ä»¥ä¸Šï¼Œäººæ–‡ç¤¾ç§‘å’Œä¸ä¸ŠåŒ–å­¦ç”Ÿç‰©è¯¾çš„å·¥ç§‘ç†ç§‘ç”Ÿè¿˜æ˜¯ç®—äº†å§ï¼ŒçœŸçš„ç´¯ï¼Œè¯„åˆ†ä¹Ÿå¾ˆå¥‡è‘©ã€‚
62261,1904,å´æ˜Šå§,2017-11-27 09:49:34,6,8,2,çªç„¶è¢­æ¥çš„ç‚¹å
62588,1904,å´æ˜Šå§,2017-11-26 05:09:58,13,15,2,æ©ï¼Œå½“ç»„é•¿ç´¯æ­»ç´¯æ´»çš„ï¼Œè€ƒè¯•å’Œæ˜¯å¦è®¤çœŸä¸Šè¯¾æ¯«æ— å…³ç³»ï¼Œç»©ç‚¹3.9å‘µå‘µ
62607,1904,å´æ˜Šå§,2017-11-26 07:03:53,4,6,2,ä¹ŸçœŸæ˜¯å¯ä»¥ï¼Œç»©æ€ç»©æ€ï¼Œåƒä¸‡åˆ«é€‰ï¼Œè¯¾ç¨‹æ˜¯å¯ä»¥ï¼Œç»™åˆ†å’‹é‚£ä¹ˆéšæœºé‚£ä¹ˆæ¶å¿ƒ
62630,1904,å´æ˜Šå§,2017-11-26 08:36:52,9,9,0,äº‹å¤šï¼Œåˆ†ä½Ž
62767,1904,å´æ˜Šå§,2017-11-27 02:19:27,0,4,4,ä¸æ˜¯é€šè¯†ï¼Œè°¢è°¢
62796,1904,å´æ˜Šå§,2017-11-27 03:54:05,-33,2,35,æ²¡å¬è¿‡ï¼Œè½»æ¾4.2
63445,1904,å´æ˜Šå§,2017-12-04 08:02:09,6,7,1,å‘ƒã€‚ã€‚ã€‚è¦æ±‚å¤šï¼Œè€ƒè¯•éš¾å•Šï¼Œç»©ç‚¹æˆ‘å°±ä¸å¤šè¯´äº†ï¼Œå”‰ï½ž
67756,1904,å´æ˜Šå§,2018-01-22 06:41:18,8,8,0,å¾ˆå·®ã€‚ã€‚ä¼šå¡åˆ†
74388,1904,å´æ˜Šå§,2018-02-17 01:13:07,13,13,0,éžå¸¸çš„å·®åŠ²ã€‚ã€‚ä¸€å®šä¸è¦é€‰ã€‚
78398,1904,å´æ˜Šå§,2018-05-11 09:32:47,18,20,2,è¿™ä¸ªè€å¸ˆå¾—åˆ†ä½Žä¸æ˜¯æ²¡æœ‰åŽŸå› çš„\n\näº‹æƒ…å¤šç»™åˆ†çƒ‚â€¦â€¦æ€ªä¸å¾—è¯ç‰©ä¸Žå¥åº·åªæœ‰äºŒåå‡ ä¸ªäººé€‰\n\nè¿™ä¸ªè€å¸ˆè¿˜åœ¨ç”³è¯·é€šæ ¸\n\nç®€ç›´æ˜¯å™©æ¢¦â€¦â€¦
81038,1904,å´æ˜Šå§,2018-07-03 11:49:50,-3,7,10,é˜¿å´çœŸçš„å¾ˆä¸¥æ ¼
84618,1904,å´æ˜Šå§,2018-07-14 12:18:59,-10,3,13,å¾ˆè´Ÿè´£çš„ä¸€ä¸ªè€å¸ˆ
102000,1904,å´æ˜Šå§,2019-01-30 03:18:01,-20,5,25,æ–‡ç§‘ç”Ÿé€‰è¿™ä¸ªè¯¾ï¼Œä¸€å¼€å§‹å¾ˆæ…Œï¼Œå°ç»„å±•ç¤ºä¹Ÿåšå¾—ä¸æ˜¯å¾ˆå¥½â€¦â€¦ä½†è€å¸ˆå¾ˆç”¨å¿ƒï¼Œå¤§éƒ¨åˆ†å†…å®¹è¿˜æ˜¯èƒ½å¬æ‡‚çš„ï¼Œæœ€åŽå¼€å·è€ƒå¥½å¥½å‡†å¤‡å¥½å¥½è€ƒï¼Œå¾—äº†4.8ï¼Œæ„Ÿè°¢è€å¸ˆâ¤ï¸ï¼
103518,1904,å´æ˜Šå§,2019-03-01 00:58:29,14,16,2,å¾®è½¯é›…é»‘ï¼Œä½ å€¼å¾—æ‹¥æœ‰
104248,1904,å´æ˜Šå§,2019-03-15 00:10:24,0,1,1,åŠ©æ•™é©¬ä¼šæ¾æˆ‘æ¾å“¥çœŸæ˜¯å¤ªå¯çˆ±äº†ï¼ï¼åˆæ¼‚äº®åˆå¯çˆ±ï¼ï¼
104827,1904,å´æ˜Šå§,2019-03-28 10:23:56,12,12,0,è®¨è®ºè¯¾çš„ä¸»é¢˜å®žåœ¨å¤ªå°´å°¬äº†ï¼Œå‡ ä¹Žå…¨ç¨‹å†·åœº
109265,1904,å´æ˜Šå§,2019-06-12 12:08:43,-5,4,9,è€å¸ˆäººçœŸçš„å¾ˆå¥½ï¼Œä¸Šè¯¾æ¯”è¾ƒæ°´ï¼Œè®¨è®ºè¯¾è¿˜æ˜¯çœ‹ç­çº§æ°›å›´å§
114654,1904,å´æ˜Šå§,2019-07-11 02:51:37,-14,1,15,è€å¸ˆçš„é€šæ ¸è¯¾è¯ç‰©ä¸Žå¥åº·å¾ˆå¥½å•Šï¼Œå†…å®¹éƒ½å¾ˆæœ‰ç”¨ï¼Œå³ä½¿æ˜¯æ–‡ç§‘ç”Ÿä¹Ÿä¸ä¼šæœ‰å¤ªå¤§çš„é—®é¢˜ï¼ŒåŠ©æ•™éƒ½å¾ˆå¥½ã€‚ä½ ä¼šæ”¶èŽ·å¾ˆå¤šå…³äºŽå¥åº·çš„çŸ¥è¯†ï¼Œè¿˜æœ‰ä¸€ç¾¤å°ä¼™ä¼´ã€‚
114926,1904,å´æ˜Šå§,2019-07-12 21:55:44,-14,4,18,è¯ç‰©ä¸Žå¥åº·ç®—æ˜¯æ¯”è¾ƒè½»æ¾çš„é€šæ ¸äº†å§ï¼Œå°ç»„å±•ç¤ºå°±ä¸¤æ¬¡ã€‚çº¿ä¸Šçš„è§†é¢‘å’Œæµ‹è¯•æ°´æ°´å°±å¥½äº†ã€‚è€ƒè¯•é‡ç•¥å¤§å‰é¢å®¢è§‚é¢˜å¾—åšå¿«ç‚¹ï¼Œä½†å¼€å·éƒ½èƒ½æ‰¾å¾—åˆ°ã€‚è®¨è®ºè¯¾å†…å®¹ç®—æ˜¯æ¯”è¾ƒå®žç”¨ï¼Œå¯¹äºŽä¸å–œæ¬¢åŽ†å²æ²¡ä»€ä¹ˆæ–‡é‡‡çš„ç†ç§‘ç”Ÿæ¥è¯´å·²ç»éžå¸¸å‹å¥½äº†~
115646,1904,å´æ˜Šå§,2019-08-14 11:19:54,7,7,0,ç»™åˆ†è¿·ï¼Œå°ç»„ä¸­åˆ’æ°´çš„åè€Œç»™é«˜åˆ†
120313,1904,å´æ˜Šå§,2019-11-28 05:43:42,13,14,1,éš”ä¸‰å·®äº”ç‚¹åï¼Œè¦æ±‚æˆ‘ä»¬å¸®å¥¹çš„ç ”ç©¶å¡«é—®å·ï¼Œè¿˜éšå ‚å°æµ‹ï¼Œmoocä¸Šä½œä¸šä¸€å¤§å †è¿˜å¿…é¡»æ¯ä¸ªè§†é¢‘éƒ½è¦çœ‹ï¼Œ11æ¬¡ä¸ªäººåˆ†äº«ï¼Œ2æ¬¡å°ç»„å±•ç¤º ç»©æ€
121104,1904,å´æ˜Šå§,2020-01-19 15:19:36,9,10,1,äº‹æƒ…è´¼å¤šï¼Œç»™åˆ†å¾ˆä¸¥æ ¼ï¼Œå¹³æ—¶ä¹Ÿæ˜¯æ¿ç€ä¸€å¼ è„¸ï¼ŒæŠ½æŸ¥ç‚¹åè¯¾å‰è¯¾åŽä¸ä¸€å®šï¼Œç»©æ€
125064,1904,å´æ˜Šå§,2020-08-25 02:34:35,21,24,3,å´è€å¸ˆä¸ºäººå¾ˆå’Œå–„ï¼Œå…³å¿ƒå­¦ç”Ÿï¼Œä½†æ˜¯é€šè®¯ç¨¿ä¸é™æ•°é‡ï¼Œå¿ƒå¾—ä¸é™å­—æ•°ç»™äººä»¥é¼“åŠ±æ¶ç«žçš„æ„Ÿè§‰ã€‚æœ€åŽè¯è®­çš„ä½œä¸šäº’è¯„ä¹Ÿæ˜¯å¾ˆè¿·ï¼ŒäºŒåå¤šä¸ªå°ç»„çš„ä¸»é¢˜ç»¼è¿°ä¸€å¤©ä¹‹å†…ç»™äºˆè¯„åˆ†ï¼Œæ¯ç»„5000+ï¼Œè¿™ç¡®å®žæœ‰ç‚¹å›°éš¾ã€‚è€Œä¸”å­¦ç”Ÿè¯„åˆ†çš„æ ‡å‡†ä¹Ÿæ˜¯æœªçŸ¥ã€‚
126533,1904,å´æ˜Šå§,2020-10-02 03:55:28,5,6,1,è¿™æ˜¯å•¥åžƒåœ¾è€å¸ˆï¼Œæˆ‘ä»¬é‚£ä¹ˆåŠªåŠ›çš„å†™ä¸œè¥¿æœ€åŽå‘Šè¯‰æˆ‘ä»¬æ‰€æœ‰äººéƒ½æœ‰çš„ä½œä¸šåˆ†æ•°ç»™ä¸€æ ·ï¼Œç„¶åŽä¸“é—¨å¥–åŠ±æ¶ç«žé€‰æ‰‹ï¼Ÿ
132936,1904,å´æ˜Šå§,2021-02-05 07:25:02,10,11,1,è¯ç‰©ä¸Žå¥åº· äº‹æƒ…å¤š ç»™åˆ†è¿· ä¸å»ºè®®é€‰
132941,1904,å´æ˜Šå§,2021-02-05 08:44:11,-8,3,11,è®¤çœŸå­¦ä¼šæœ‰æ”¶èŽ·çš„
132955,1904,å´æ˜Šå§,2021-02-05 11:31:39,-7,6,13,è¯ç‰©ä¸Žå¥åº·ï¼ŒåŒ»å­¦ç”Ÿï¼Œæœ€åŽ4.5\n\næ„Ÿè§‰è€å¸ˆè¿˜æ˜¯è›®å‹å¥½çš„ï¼Œç›¸å¯¹æ¥è¯´ç§‹å†¬å­¦æœŸæ€»å…±2æ¬¡å°ç»„å±•ç¤ºä¸ç®—å¤šï¼Œä½†æ˜¯ä¸ªäººå±•ç¤ºä¼šæ¯”è¾ƒé¢‘ç¹â€¦ç„¶åŽç†è®ºè¯¾å¯èƒ½è¦å’Œè€å¸ˆäº’åŠ¨ï¼Œå›žç­”çš„é—®é¢˜ä¹Ÿä¸ä¼šå¾ˆéš¾\n\næˆ‘å¹³æ—¶è¿˜ç®—æ¯”è¾ƒç§¯æžï¼Œä¸æ˜¯ç»„é•¿ï¼Œç„¶åŽå¬è¯¾ä¹Ÿæœ‰æŒºå¤šæ”¶èŽ·çš„ã€‚
134261,1904,å´æ˜Šå§,2021-03-21 18:32:34,52,61,9,ä¸æŠŠå­¦ç”Ÿå½“äººçœ‹å°±ç›´è¯´ï¼Œåˆ«å¤§ä¸‰ä¸‹å¼„ä¸€é—¨æ²¡å•¥åµç”¨çš„è¯¾çžŽå æˆ‘ä»¬æ—¶é—´ã€‚\n\nä¸€æ–¹é¢ï¼Œæˆ‘ä»¬å¤§ä¸‰ä¸‹ä¸æ˜¯åªæœ‰è¿™é—¨è¯¾ï¼Œè¿˜æœ‰å‡ é—¨è¦è€ƒè¯•çš„è¯¾ï¼›å¦ä¸€æ–¹é¢ï¼Œæ‰“ç®—è¦è€ƒç ”çš„ä½ æŠŠè¿™æ®µé»„é‡‘æ—¶é—´ç»™åŽ‹æ¦¨äº†ï¼Œç¾Žå…¶åæ›°æƒ³å¤šè¦æœ¬ç³»å­¦ç”Ÿï¼Œä½†æ˜¯è€ƒç ”å¤ä¹ æ—¶é—´å°±è¿™ä¹ˆç‚¹ä½ ä»¥ä¸ºèƒ½è€ƒä¸Šï¼Ÿ\n\nåˆ«çš„å­¦æ ¡è¯å­¦å¤§ä¸‰ä¸‹ä¸ºäº†è€ƒç ”å±‚å±‚å¼€ç»¿ç¯ï¼Œåœ¨ä½ æ‰‹ä¸‹ä¸ºäº†æœ‰æ›´å¤šå…è´¹åŠ³åŠ¨åŠ›å¹²æ´»é€¼å­¦ç”Ÿåšä¸€å †æ²¡ç”¨çš„å®žéªŒï¼Œæœ¬ç§‘æœŸé—´å˜› çœŸæ²¡å¿…è¦æžè¿™ä¹ˆå¤æ‚çš„ä¸œè¥¿ã€‚
136069,1904,å´æ˜Šå§,2021-06-10 15:35:23,26,27,1,å°±ç‰¹åˆ«é¼“åŠ±å†…å·ï¼Œæˆ‘å®žåœ¨å·ä¸åŠ¨
145361,1904,å´æ˜Šå§,2022-01-14 08:16:41,26,30,4,â€œè¯ç‰©ä¸Žå¥åº·â€ï¼Œä¸€é—¨é€šè¯†è¯¾ï¼Œç ´äº‹è´¼TMDå¤šï¼Œçº¿ä¸Šæµ‹è¯•å‘¨å‘¨æœ‰ï¼Œä»Žä¸æé†’ï¼Œ8æ¬¡ï¼Œæˆ‘æœ‰6æ¬¡éƒ½ä¸çŸ¥é“æœ‰ã€‚æœ€åŽæœŸæœ«è€ƒè¯•ï¼Œçº¿ä¸Šè€ƒä¸€æ¬¡ï¼Œè®¨è®ºè¯¾è€ƒä¸€æ¬¡ï¼Œè€ƒè¯•å‘¨è€ƒä¸€æ¬¡ã€‚12ä¸ªPPTè®©ä½ è‡ªå·±åŽ»çœ‹ï¼ŒMDï¼Œé€šè¯†è¯¾èŠ±çš„æ—¶é—´æ¯”å¤§è‹±å¾®ç§¯åˆ†çº¿ä»£è¿˜å¤šã€‚\n\n---------------------------------------è¯ç‰©ä¸Žå¥åº·è£èŽ·3.3ç»©ç‚¹ï¼Œçˆ±æ­»è€å¸ˆäº†ï¼Œå‘µå‘µ
146841,1904,å´æ˜Šå§,2022-01-07 15:07:43,14,16,2,æžè‡´å†…å·ï¼Œé¼“åŠ±å†…å·\n\nè€—è´¹æ—¶é—´æŽ¥è¿‘çº¿æ€§ä»£æ•°\n\nè€ƒè¯•å¾ˆæœ‰éš¾åº¦ï¼Œé¢˜é‡å·¨å¤§ï¼Œå¾ˆå¤šææ–™ä¸Šä¸å¥½æ‰¾ï¼›è¿˜æœ‰å·¨é‡è¯å\n\nè®¨è®ºè¯¾å°±ç¡¬å·å‘—......å‘¨å‘¨å‘è¨€ï¼Œ16å‘¨å‘è¨€16æ¬¡çš„å·çŽ‹ä¹Ÿä¸æ˜¯æ²¡æœ‰\n\nè¿˜æœ‰MOOCï¼Œä¸Šé¢åˆæ˜¯æµ‹è¯•åˆæ˜¯å‘è¨€ï¼Œè¿˜æœ‰å•¥äº’è¯„ï¼Œäº‹æƒ…å¾ˆæ‚\n\nè€å¸ˆä¸Šè¯¾è¿˜æ˜¯æ¯”è¾ƒè®¤çœŸçš„ï¼Œå¦‚æžœä¸ä»‹æ„å†…å·è¿˜æ˜¯å¯ä»¥å­¦åˆ°ä¸€äº›ä¸œè¥¿çš„
148589,1904,å´æ˜Šå§,2022-01-13 02:35:38,-11,2,13,è¯ç‰©ä¸Žå¥åº·å–œæ3.8.....ä½†æœ‰ä¸€è¯´ä¸€è¿™çŽ©æ„çœŸçš„å·¨èŠ±æ—¶é—´ï¼Œå„ç§å„æ ·çš„è€ƒè¯•ï¼Œå°æµ‹ï¼Œè¿˜æœ‰å·çŽ‹åœ¨ä½ æ—è¾¹å·ï¼Œä½†è€å¸ˆä¸Šè¯¾è¿˜æ˜¯å¾ˆç”¨å¿ƒçš„ï¼Œèƒ½å­¦åˆ°ä¸œè¥¿
148599,1904,å´æ˜Šå§,2022-01-13 02:59:28,15,15,0,è¦ä¸æ˜¯ä¸‹é™åªæœ‰1 çœŸæƒ³ç»™å¥¹æ‰“ä¸ª-âˆž çœŸå°±æ— è¯­äº† å¦„ä¸ºäººå¸ˆ å­¦æ ¡æ€Žä¹ˆæƒ³çš„ æŠŠè¿™ä¸ªè®¾ç½®ä¸ºé€šæ ¸
148600,1904,å´æ˜Šå§,2022-01-13 03:02:20,7,9,2,é¼“åŠ±å†…å·ï¼Œä¸å‘è¨€ç›´æŽ¥åªæœ‰2.8
151416,1904,å´æ˜Šå§,2022-03-03 01:58:26,5,6,1,ç»©æ€ã€‚ã€‚
152570,1904,å´æ˜Šå§,2022-04-15 00:53:04,14,15,1,è¯è®­è¯¾ä¹Ÿç‚¹åðŸ‘
152816,1904,å´æ˜Šå§,2022-04-20 06:17:10,26,28,2,ç¬¬ä¸€æ¬¡è¿™ä¹ˆè®¨åŽŒä¸€ä¸ªè€å¸ˆðŸ˜…ðŸ˜…ðŸ˜…è´¼é¼“åŠ±å†…å·ï¼Œå¯¹é™¤åŒ»è¯å­¦ä¸“ä¸šçš„åŒå­¦éƒ½å¾ˆä¸å‹å¥½ï¼Œäº‹æƒ…è´¼å¤šï¼Œæœ€åŽè€ƒè¯•ç»™åˆ†ä¹Ÿå¾ˆè¿·ã€‚æœ¬äººè‡ªè¯©ä¸ºä¸€ä¸ªå·çŽ‹ï¼ŒåŸºæœ¬æ¯æ¬¡è®¨è®ºéƒ½æœ‰å‘è¨€æœ€åŽå–œæ3.8è°¢è°¢æ‚¨å´æ˜Šå§ æ‚¨ç¡å¾—ç€å—åæ­£æˆ‘ç¡ä¸ç€ðŸ™
153826,1904,å´æ˜Šå§,2022-05-12 08:33:12,24,25,1,æ€Žä¹ˆä¸èƒ½æ‰“0åˆ†å•Šï¼Ÿè¿™ç§è€å¸ˆä¹Ÿé…å­˜åœ¨äºŽè¿™ä¸ªä¸–ç•Œä¸Šå—ï¼Ÿé¼“åŠ±å†…å·é¼“åŠ±æ¶ç«žï¼ŒPäº‹ä¸€å †ï¼Œå±•ç¤ºçœ‹æ¼”è®²è‰ºæœ¯ï¼Œå¹³æ—¶åˆ†çœ‹é€šè®¯ç¨¿ï¼Œæ— è¯­ä½äº†ï¼Œæ¶å¿ƒ
154822,1904,å´æ˜Šå§,2022-06-06 02:01:12,4,6,2,çº¯çº¯nt
155256,1904,å´æ˜Šå§,2022-06-10 01:36:39,4,5,1,çº¯çº¯nt
159287,1904,å´æ˜Šå§,2022-07-10 17:51:11,3,4,1,ã€‚ã€‚ã€‚
161189,1904,å´æ˜Šå§,2022-10-31 12:53:00,6,8,2,æœ‰è®¡è°‹çš„è¿™ä¸ªè€å¸ˆï¼Œtnndè·Ÿæˆ‘çŽ©é˜´çš„æ˜¯å§ï¼Œä¸ŠèŠ‚è¯¾è¯´ä¸ç‚¹åä¸‹èŠ‚è¯¾å°±ç‚¹
163376,1904,å´æ˜Šå§,2022-12-14 07:27:13,5,6,1,å‘ƒå‘ƒé¢
163377,1904,å´æ˜Šå§,2023-01-14 11:53:14,9,17,8,å´è€å¸ˆäººå¾ˆå¥½ï¼Œä½†é¼“åŠ±ç«žäº‰ï¼Œäº‹æƒ…æŒºå¤šï¼Œä½†è®¤çœŸåšå°±æ²¡äº‹ã€‚å¤šå‘è¨€å¤šæžPPTï¼Œè€ƒè¯•å‰çœ‹çœ‹è®²ä¹‰ï¼Œæœ€åŽå–œæ4.8
165028,1904,å´æ˜Šå§,2022-12-28 12:27:30,7,13,6,è€å¸ˆäººæŒºå¥½çš„ï¼Œå¾ˆæœ‰æƒ…æ€€ï¼Œè¯ç‰©ä¸Žå¥åº·è¿™é—¨è¯¾è¦æ˜¯çœŸçš„æŠ•å…¥ä¼šå­¦åˆ°å¾ˆå¤šä¸œè¥¿ï¼Œåªæ˜¯ä½œä¸ºä¸€é—¨é€‰ä¿®è¯¾ï¼Œäº‹æ¯”è¾ƒå¤šï¼Œä½†æ˜¯æ˜¯é€šæ ¸ï¼Œæ‰€ä»¥æƒ³å­¦ä¸œè¥¿çš„åŒå­¦å¤§å¯ä»¥é€‰ï¼ŒåŠ©æ•™è€å¸ˆäººä¹Ÿå¾ˆå¥½ï¼Œzfggæ˜¯ä¼šä»Žæˆ‘ä»¬æœ¬ç§‘ç”Ÿè§’åº¦åŽ»æ€è€ƒçš„åšå£«ç”Ÿï¼Œçœ‹åˆ°å‰é¢çš„è¯„åˆ†å¾ˆä½Žæ˜¯å› ä¸ºç»©çº±ï¼Œæ‰€ä»¥æˆ‘å°±åœ¨ç»©ç‚¹å‡ºæ¥å‰è¯„ä»·å§ï¼Œå…å¾—è‡ªå·±æˆä¸ºéšæ„å®£æ³„æƒ…ç»ªçš„åˆ†å¥´
165352,1904,å´æ˜Šå§,2023-01-02 08:35:30,9,11,2,ä¾æ‰˜ç­”è¾©
166651,1904,å´æ˜Šå§,2023-01-13 07:18:58,-1,6,7,å´æ˜Šå§è€å¸ˆä¸ºäººå–„è‰¯æœ‰è€å¿ƒï¼Œè™½ç„¶äº‹æƒ…æ¯”è¾ƒå¤šï¼Œä½†æ˜¯ç”¨å¿ƒåšäº†åº”è¯¥æ²¡é—®é¢˜
166668,1904,å´æ˜Šå§,2023-01-13 07:59:12,8,10,2,è¯ç‰©ä¸Žå¥åº·ï¼Œäº‹æƒ…å¤ªå¤šï¼Œå°æµ‹å¤šä½œä¸šå¤šå±•ç¤ºå¤šï¼Œè¿˜æœ‰å¾ˆå¤šç½‘è¯¾è¦å¬ã€‚çŸ¥è¯†å†…å®¹å¯¹äºŽä¸é€‰ç”Ÿç‰©åŒ–å­¦çš„æ–‡ç§‘ç”Ÿå¾ˆä¸å‹å¥½ã€‚æœ€åŽæœŸæœ«è€ƒè¯•é¢˜é‡å¾ˆå¤§ï¼Œç­”ä¸å®Œã€‚ç»™åˆ†ä¹Ÿçƒ‚
170350,1904,å´æ˜Šå§,2023-03-03 04:18:22,21,21,0,çœŸçš„ä¸å’‹åœ°ï¼Œçº¯çº¯é¹…é¢ˆï¼Œè¯´è¯è¯´çš„ä¹Ÿä¸æ¸…æ¥šè¿˜å–œæ¬¢åœ¨ç¾¤é‡Œåˆ°å¤„calläººï¼Œå¤§æ— è¯­åˆ°äº†å±žäºŽæ˜¯ï¼Œè¯è®­ä½“éªŒæžå·®ï¼Œä¸çŸ¥é“æ€Žä¹ˆåº¦è¿‡çš„\n\nå°±æ˜¯è¯´ç†¬è¿‡åŽ»å°±å¥½äº†å§å¤§æ¦‚\n\nå¸Œæœ›å¤§å®¶éƒ½æœ‰è‰¯å¥½çš„å¿ƒæ€å’Œæžè‡´çš„ä½“éªŒ
173614,1904,å´æ˜Šå§,2023-05-30 07:42:09,5,5,0,æ¶ç«žä¹‹çŽ‹666
173646,1904,å´æ˜Šå§,2023-06-18 15:00:01,10,11,1,è¯è®­ä¾æ‰˜ç­”è¾©ï¼Œç»„é•¿è·Ÿæ­»äº†ä¸€æ ·ä»€ä¹ˆä¹Ÿä¸å¹²ï¼Œè¿™ä¸ªè¯¾å°±æ˜¯åœ¨æµªè´¹æ—¶é—´è€—ç€ï¼Œå±ç”¨æ²¡æœ‰æžå‡å¤§ç©º
174432,1904,å´æ˜Šå§,2023-06-12 06:30:53,2,3,1,é¹…é¢ˆã€‚
175077,1904,å´æ˜Šå§,2023-06-21 12:05:06,22,22,0,è¯è®­ä½“éªŒæžå·®ï¼Œå¤©å¤©å°±æ˜¯åœ¨æµªè´¹æ—¶é—´ï¼Œç»™åˆ†æ ‡å‡†å¾ˆè¿·æƒ‘ï¼Œå°ç»„å±•ç¤ºå‘µå‘µï¼›ä»»ä½•äº‹æƒ…éƒ½è·Ÿå¹³æ—¶åˆ†æ‰¯ä¸Šå…³ç³»ï¼ŒåŠ¨ä¸åŠ¨å°±æ˜¯è°æ¥åšè¿™ä¸ªæˆ‘ç»™ä»–åŠ åˆ†ï¼Œæ‹¿åŠ åˆ†åŠç€å­¦ç”Ÿï¼›è¯¾åˆè‡­åˆé•¿ï¼Œäº‹æƒ…è¿˜å·¨å¤šï¼Œä¸ºä»€ä¹ˆè¿™ç§è¯¾æ˜¯å¿…ä¿®å•Š
176427,1904,å´æ˜Šå§,2023-06-29 01:53:29,18,21,3,è¯ç»¼ç»™çˆ·æ­»ï¼Œè¯è®­ç»™çˆ·æ­»Â·Â·Â·Â·Â·éƒ½æ˜¯whsçš„åžƒåœ¾è¯¾
176434,1904,å´æ˜Šå§,2023-06-29 01:59:04,19,19,0,è¯ç»¼è¿™çƒ‚è¯¾å‡­ä»€ä¹ˆæ²¡æœ‰å‡ºçŽ°åœ¨æ•™åŠ¡ç½‘è¯„ä»·ç³»ç»Ÿé‡Œå•Šï¼Ÿæ€•è¢«å–·çƒ‚æ˜¯å§ã€‚\n\nè¾›è¾›è‹¦è‹¦ä¸€å­¦æœŸï¼Œæœ€åŽåˆ†æ•°è¿˜ä¸å¦‚å®žéªŒå®¤éƒ½ä¸æ€Žä¹ˆåŽ»çš„äººï¼Œä¸å¦‚å®žéªŒéƒ½æ²¡åšå®Œçš„ç»„ã€‚\n\nå®žéªŒæŠ¥å‘Šåˆç¨¿çš„éƒ¨åˆ†é—®é¢˜ä¸åœ¨æ±‡æŠ¥çš„æ—¶å€™è®²å‡ºæ¥ï¼Œæ€Žä¹ˆçš„è¦ç•™ç€å†™ç»ˆç¨¿æ‰“åˆ†çš„è¯„è¯­å—ï¼Ÿ\n\nè™šæ‹Ÿå®žéªŒç³»ç»Ÿç¨€å·´çƒ‚ï¼Œæµªè´¹æ—¶é—´ç²¾åŠ›ï¼Œè¯„ä»·æ ‡å‡†å’Œæ’°å†™è§„èŒƒä¹Ÿä¸äº‹å…ˆè¯´æ˜Ž
176440,1904,å´æ˜Šå§,2023-06-29 02:18:32,0,2,2,ä¸€å®šè¦å½“å°ç»„é•¿å•Š
185284,1904,å´æ˜Šå§,2023-12-27 13:57:04,2,5,3,æˆ‘è§‰å¾—è€å¸ˆè®²çš„çœŸçš„å¾ˆç”¨å¿ƒè€Œä¸”å¾ˆæ‹“å®½çŸ¥è¯†é¢ï¼Œæ•™å­¦æ–¹æ³•ä¹Ÿå¾ˆå…ˆè¿›ï¼Œèƒ½äº†è§£åˆ°å¾ˆå¤šæ–°çš„ä¸œè¥¿ï¼›ä½†æ˜¯ä¹Ÿå› æ­¤ã€Šè¯ç‰©ä¸Žå¥åº·ã€‹ä½œä¸ºä¸€é—¨é€šè¯†è¯¾äº‹æƒ…ä¸ç®—å°‘ï¼Œæ˜¯è¦èŠ±å¿ƒæ€å’Œæ—¶é—´çš„ï¼Œ
189032,1904,å´æ˜Šå§,2024-01-21 10:08:37,0,3,3,è¯¾çš„å†…å®¹è¿˜æŒºå®žç”¨ï¼Œä½†æ˜¯éžè¯å­¦çš„åŒå­¦å¯èƒ½è¿˜æ˜¯ä¼šæœ‰ç‚¹ä¸åˆé€‚ï¼ˆæœŸæœ«è€ƒå°±ç®—æ˜¯å¼€å·ä¹Ÿå¾ˆéš¾ç¿»ä¹¦ï¼Œè€ƒå¾—å¾ˆç»†ï¼Œä¸Šè¯¾ä¸å¬æœŸæœ«æŠ±ä½›è„šä¹Ÿå†™å¾—æœ‰ç‚¹æ±—æµæµƒèƒŒï¼‰ï¼Œæ€»ä¹‹ï¼Œéœ€è¦å¥½å¥½å¬ï¼Œäº‰å–æœ‰ä¸ªå¥½åŠ©æ•™ã€‚æˆ‘çˆ±åŠ©æ•™å°å§å§ï¼
189174,1904,å´æ˜Šå§,2024-01-22 08:40:38,-9,4,13,çˆ±æ­»å´è€å¸ˆå’ŒåŠ©æ•™å§å§ è¢«ç‹ ç‹ æžäº† è¯ç‰©ä¸Žå¥åº·æœŸæœ«è€ƒæ‰£äº†ä¸ƒåˆ†å¤š æœ€åŽè¿˜æœ‰92
189192,1904,å´æ˜Šå§,2024-01-22 09:48:33,-7,4,11,è¯ç‰©ä¸Žå¥åº·è¯¾æ¯”è¾ƒæŽ¨è
189386,1904,å´æ˜Šå§,2024-01-23 15:20:59,-6,3,9,è¯ç‰©ä¸Žå¥åº· ä½œä¸ºé€šè¯†è¯¾äº‹æƒ…è¿˜æ˜¯æœ‰ç‚¹åå¤š æœŸæœ«è€ƒè¯•ä¸å¥½å¥½å‡†å¤‡æ—¶é—´ä¼šæœ‰ç‚¹ç´§ ä¸è¿‡å¹³æ—¶è¡¨çŽ°å¥½ä¸€ç‚¹åˆ†è¿˜æ˜¯å¯ä»¥çš„ æœ€åŽå–œæ4.8
189728,1904,å´æ˜Šå§,2024-01-27 15:51:08,-1,5,6,è¯ç‰©ä¸Žå¥åº·ã€‚è€å¸ˆå’ŒåŠ©æ•™ä¸Šè¯¾å¾ˆè®¤çœŸï¼Œæ•™å­¦æ–¹æ³•å¾ˆå…ˆè¿›ï¼Œç¡®å®žèƒ½å­¦åˆ°æœ‰ç”¨çš„çŸ¥è¯†ï¼Œè®¤çœŸå­¦ã€ç§¯æžå‘è¨€ä¹Ÿèƒ½æ‹¿åˆ°ä¸é”™çš„ç»©ç‚¹ã€‚ä½†æ˜¯å¯¹äºŽè§‰å¾—ä¸»ä¿®è¯¾ä¸šæ¯”è¾ƒç´§å’Œè¿½æ±‚ç»©ç‚¹çš„åŒå­¦ï¼Œå¯èƒ½ä¸å¤ªæŽ¨èäº†ã€‚
190042,1904,å´æ˜Šå§,2024-02-14 19:11:15,-6,1,7,è¯å¥å¾ˆæžï¼
191424,1904,å´æ˜Šå§,2024-04-21 15:55:44,9,9,0,è¯å­¦é™¢äº”æ˜Ÿä¼ å¥‡æ•™å¸ˆ
193022,1904,å´æ˜Šå§,2024-06-02 14:15:14,3,3,0,ä¸€è¨€éš¾å°½ã€‚ã€‚ã€‚
193354,1904,å´æ˜Šå§,2024-06-07 02:47:09,19,20,1,è¯ç»¼é€†å¤§å¤©ï¼Œé’‰é’‰å¸¸æ’¤å›žï¼Œäº‹å¤šçˆ±å˜å¦ï¼Œéš¾å¬æ‡‚äººè¯
193460,1904,å´æ˜Šå§,2024-06-11 07:01:18,9,9,0,è¯è®­è¯¾ï¼šä¸€å¼€å§‹è¿˜è£…çš„æŒºå¥½çš„è®©æˆ‘ç–‘æƒ‘ä¸ºå•¥æŸ¥è€å¸ˆåˆ†è¿™ä¹ˆä½Žï¼Œç›´åˆ°åŽè¾¹å¤šäº¤æµäº†å‡ æ¬¡æ‰å‘çŽ°è¿™äººä¸€è¯´è¯ä¸è¿‡è„‘å­ä¸€ç‚¹æƒ…å•†éƒ½æ²¡ï¼Œè¦ä¸æ˜¯è¿˜æ²¡å‡ºæˆç»©æˆ‘éƒ½æƒ³é˜´é˜³å¥¹äº†ã€‚ã€‚ï¼›äºŒé¼“å¹æ¶æ€§ç«žäº‰è¿žç‚¹åç»Ÿè®¡äººæ•°å’Œæ‘„å½±è¿™ç§äº‹éƒ½è¦åœ¨è¡¨æ ¼é‡ŒæŠ¢ç€æŠ¥åè¯´ä¸Žå¹³æ—¶åˆ†æŒ‚é’©ï¼›ä¸‰æœ‰æ­£å½“ç†ç”±éƒ½ä¸ç»™è¡¥ç­¾ç­¾åˆ°ï¼Œè¯¾ä¸ŠæŠŠå¥³åŒå­¦æ€¥å“­äº†æ‰æ¾å£ä¼å›¾â€œä¸‹è¯¾æ²Ÿé€šâ€ï¼Œä¹Ÿä¸çŸ¥é“è¿™ä½åŒå­¦å’Œå…¶ä»–æ²¡ç­¾ä¸Šçš„åŒå­¦æœ€åŽæ€Žä¹ˆæ ·äº†ï¼›å››è¯´è¯æ¯«æ— è¯šä¿¡å¯è¨€ï¼Œä¸ºäº†æŠ¢åˆ°æƒ³åŽ»çš„åœ°ç‚¹è¦è¹²å®ˆåœ¨ç¾¤é‡Œå¡«è¡¨æ ¼ï¼Œè¿˜ä¼šè‡ªå·±å¿˜è®°è¿™ä»¶äº‹è®©åŒå­¦ç™½ç­‰ã€‚å¹¶ä¸”æžå…¶è€½è¯¯æ—¶é—´ï¼Œæœ‰æ¬¡ç­‰äº†ä¸€ä¸ªå¤šå°æ—¶æ‰æŠ¥ä¸Šåã€‚æ€»ä¹‹æ˜¯å•¥éƒ½æ²¡å­¦åˆ°çš„ä¸€èŠ‚è¯¾ï¼Œä¸çŸ¥é“è¿™ç§è¯¾é™¤äº†è€½è¯¯å­¦ç”Ÿæ—¶é—´ä¹‹å¤–è¿˜æœ‰ä»€ä¹ˆå…¶ä»–ç”¨å¤„ã€‚\n\nä¼šæ—¶ä¸æ—¶ç‚¹åï¼Œç‰¹åˆ«æ­¹æ¯’
193897,1904,å´æ˜Šå§,2024-06-20 13:05:37,3,3,0,åŒ–å­¦erå‰æ¥å›´è§‚è¯é™¢phl
195469,1904,å´æ˜Šå§,2024-06-28 07:36:28,9,9,0,éžå¸¸éš¾è¯„ï¼Œè®©äººç¦ä¸ä½æ€€ç–‘è¯è®­å¼€è®¾çš„æ„ä¹‰ã€‚å…ˆä¸è®²æœŸæœ«æŒ‰ç…§è¯„åˆ†æŽ’åºå†èµ‹åˆ†çš„åˆç†æ€§ï¼Œä»…å¹³æ—¶åˆ†ä¸€é¡¹å°±æ§½ç‚¹éå¸ƒï¼Œæœ€çªå‡ºçš„å½“å±žå°†ä¸Šè¯¾äº‹é¡¹æ— é™ç»†åˆ†ï¼Œä»¥é¹…é¢ˆè¦æŒŸè¯¾ç¨‹äººå‘˜çš„æ“ä½œã€‚å†è€…ï¼Œè¯è®­ä½œä¸ºä¸€é—¨å…ˆå¯¼æ€§è¯¾ç¨‹ï¼Œè®©å­¦ç§‘åŸºç¡€ä¸åŒçš„å­¦ç”Ÿæå‡ºä¹ƒè‡³çŽ°åœºå›žç­”ä¸“ä¸šé—®é¢˜å®žåœ¨æ˜¯è‹›æ±‚ã€‚æœ€åŽï¼Œè¯è®­åœºæ‰€çš„å®‰æŽ’ä»¥åŠè¯¾é¢˜çš„é€‰æ‹©éƒ½ååˆ†æ··ä¹±ï¼Œæˆ‘æƒ³ä»»ä½•äººéƒ½å¾ˆéš¾æƒ³è±¡2024å¹´å±…ç„¶è¿˜æœ‰åœ¨120äººçš„å¤§æ•™å®¤å†…è¿›è¡ŒæŠ¢ç­”çš„åœºé¢ã€‚æ€»ä¹‹ï¼Œåœ¨è¿™é—¨è¯¾ç¨‹ä¸­ä½ èƒ½å­¦åˆ°çš„çŸ¥è¯†æ˜¯éžå¸¸æœ‰é™çš„ï¼Œï¼Œ
197017,1904,å´æ˜Šå§,2024-07-27 19:23:09,8,8,0,è¯ç»¼è¿™ä¸ªè¯¾è¯„ä»·æŒ‡æ ‡ä¸€å¤§å †ï¼Œæœ¬èº«åšè¿™äº›è®¾è®¡æ€§å®žéªŒè¿˜æŒºæ„Ÿå…´è¶£çš„ï¼Œç»“æžœè¦æ±‚é‚£ä¹ˆå¤šçƒ¦éƒ½çƒ¦æ­»ï¼Œè¾›è¾›è‹¦è‹¦åšçš„å®žéªŒè¢«è€å¸ˆä»¬è¿™é‡Œæ‰¹ä¸€ä¸‹é‚£é‡Œæ‰¹ä¸€ä¸‹ã€‚å°±æ¯”å¦‚å®žéªŒè®°å½•éžè¦æ¶‚æ”¹éžè¦ç­¾ä¸ªåï¼Œæ¯ä¸ªè¯•å‰‚æ€Žä¹ˆé…çš„éƒ½è¦å†™ï¼Œæˆ‘å°±é—®äº†å“ªä¸ªç ”ç©¶ç”Ÿä¼šè¿™ä¹ˆå†™å®žéªŒè®°å½•ï¼Ÿè¿™ä¸è¿˜æ²¡äº‹æ‰¾äº‹ï¼Ÿæ¶‚æ”¹äº†ç­¾ä¸ªåå°±èƒ½è¯æ˜Žæ²¡æœ‰é€ å‡ï¼Ÿè¿˜æœ‰æŠ¥å‘Šæ ¼å¼ç‰¹åˆ«ä¸¥æ ¼ï¼Œè¦å†™ä¸€å †æ²¡ç”¨çš„ä¸œè¥¿ï¼Œå¾ˆè´¹æ—¶é—´ã€‚å¼€å§‹æŸ¥é˜…æ–‡çŒ®åšå®žéªŒè¿˜å¯¹è¿™ä¸ªè¯¾æŒºæ„Ÿå…´è¶£çš„ï¼Œè¶Šåˆ°åŽé¢è¶Šè§‰å¾—çƒ¦â€¦ç»™åˆ†è¿™é‡Œæ‰£ä¸€ç‚¹é‚£é‡Œæ‰£ä¸€ç‚¹ï¼Œå®žéªŒæ–¹æ¡ˆæ˜Žæ˜Žè¯´æŒ‰è¦æ±‚åšäº†å°±æ»¡åˆ†ï¼Œç»“æžœå‘¢è¿˜æ˜¯èŽ«åå…¶å¦™è¦æ‰£ä¸€ç‚¹ï¼Œå±•ç¤ºå“ªæœ‰äººå¬ï¼Œéƒ½ä¹±æ‰“ï¼Œæœ‰çš„ä¸€çœ‹å°±å¾ˆçƒ‚çš„ç»„åˆ†å¯èƒ½æ¯”åˆ«çš„ç»„è¿˜é«˜ã€‚æŠ¥å‘Šæ€Žä¹ˆæ”¹éƒ½èƒ½ç»™ä½ æå‡ºé—®é¢˜ï¼Œçƒ¦æ­»äº†
197257,1904,å´æ˜Šå§,2024-07-10 03:12:11,5,5,0,è¯ç»¼mdç ´äº‹ä¸€å †ï¼Œè¶Šåˆ°æœŸæœ«äº‹æƒ…è¶Šå¤šï¼Œä¸€å †çäº‹é’‰é’‰ä¸Šèƒ½çƒ¦æ­»ä½ ï¼Œçœ‹èµ·æ¥ç»™åˆ†å¾ˆç»†ç»“æžœå°±æ˜¯ä¹±ç»™çš„ï¼Œæˆ‘ä»¬ç»„æœ‰ä¸€ä¸ªäººå•¥éƒ½æ²¡å¹²ï¼ˆä¸€ç‚¹éƒ½æ²¡å¹²ï¼‰ï¼Œç„¶åŽæˆ‘ä»¬ç»„ç»™whzåæ˜ ï¼ˆè€å¸ˆè¯´çŸ¥é“ï¼‰ï¼Œç»“æžœå‘¢ï¼Ÿä»–åˆ†æ•°è¿˜å’Œæˆ‘ä»¬å·®ä¸å¤šï¼Ÿï¼Ÿï¼Ÿï¼Ÿåˆ°åº•æœ‰æ²¡æœ‰å¬å•Šï¼Ÿé‚£æˆ‘ä»¬å…¶ä»–äººç´¯æ­»ç´¯æ´»çš„æ„ä¹‰æ˜¯ï¼Ÿmdè¿˜æœ‰é‚£ä¸ªå°ç»„äº’è¯„ï¼Œå°ç»„ä¹‹é—´åˆ†æ˜¯ä¹±æ‰“çš„ï¼Œå¬æ˜¯ä¸å¬çš„ï¼Œå°±é è„¸ç†Ÿä¸ç†Ÿæ‰“åˆ†ï¼Ÿï¼Ÿï¼Ÿä¸€çœ‹å°±å¾ˆå·®çš„ç»„åˆ†æ•°ç”šè‡³ä¼šå¾ˆé«˜ï¼Ÿè€å¸ˆç”šè‡³ä¸çŸ«æ­£ä¸€ä¸‹ï¼ŸçœŸçš„æ˜¯æ— è¯­äº†ï¼Œmdè¶Šæƒ³è¶Šæ°”
198784,1904,å´æ˜Šå§,2024-09-11 15:33:09,4,8,4,æ‰“äº†9åˆ†ï¼Œçœ‹äº†ä¸€åœˆå¤§å®¶çš„è¯„è®ºï¼Œç¡®å®žå´æ˜Šå§å¾ˆé¹…é¢ˆï¼Œæˆ‘ä¹Ÿæ·±æœ‰æ„Ÿè§¦ï¼Œå¥¹çš„è¯¾ä¸Šè¦å¹²å¾ˆå¤šäº‹æƒ…æ‰èƒ½æ‹¿é«˜åˆ†ã€‚ä½†æ ¹æ®æˆ‘ä¸Žå¥¹äº¤æµçš„ç»åŽ†æ¥è¯´ï¼Œå´æ˜Šå§è¿˜æ˜¯æŒºå¥½è¯´è¯çš„ï¼Œè¢«äººæŒ‚æœµæœµä¸Šçƒ­é—¨äº†åªæ˜¯ä¸ŽåŒå­¦å•†è®®åˆ é™¤å¸–å­ï¼Œæ²¡åšä»€ä¹ˆè¿‡åˆ†çš„äº‹ï¼Œå¥³åŒå­¦è¿Ÿåˆ°æ²¡æœ‰ç­¾ä¸Šåˆ°å“­äº†ä¹Ÿæ„¿æ„ç»™å¥¹è¡¥ç­¾ã€‚å¥¹é¼“åŠ±é¹…é¢ˆç¡®å®žè®©äººè®¨åŽŒï¼Œä½†æ˜¯è¯´å¥¹äººå“çš„ç§ç§é—®é¢˜åªèƒ½è¯´æ˜¯æœ‰ç‚¹æ— ä¸­ç”Ÿæœ‰äº†ï¼Œä¹Ÿä¸åº”è¯¥ç»™å¥¹è¿™ä¹ˆä½Žçš„è¯„åˆ†ã€‚(è™½ç„¶å¥¹é¹…é¢ˆç¡®å®žæœ‰ç‚¹å¤ªè¿‡äº†ï¼Œæˆ‘ä¹Ÿæ·±å—å…¶å®³QAQ)ï¼ˆå ç”²ï¼Œä»…ä¸ªäººè§‚ç‚¹ï¼Œå‹¿å–·ï¼¸ï¼¿ï¼¸ï¼‰
213975,1904,å´æ˜Šå§,2025-01-22 08:46:48,0,1,1,é€šæ ¸è¯ç‰©ä¸Žå¥åº·ï¼Œç ´äº‹ä¸€å †ï¼Œç»™åˆ†ï¼Œä¸è¦æƒ³ç»™åˆ†äº†ã€‚\n\nè¿™è¯¾æœ‰ä¸€å †è¯„ä»·é¡¹ç›®ï¼Œæˆ‘ç®€å•è¯´è¯´ã€‚å¤§è¯¾å¯ä»¥ä¸åŽ»ä½†æ˜¯å¾—åšå¥¹çº¿ä¸Šå‘çš„é¢˜ï¼Œè¿™ä¸ªç®—è€ƒå‹¤ï¼Œä¸ä¸€å®šåœ¨å“ªèŠ‚è¯¾çš„ä»€ä¹ˆæ—¶å€™å°±å‘å‡ºæ¥äº†ï¼ˆç›¸æ¯”ç¿˜è¯¾æ›´å»ºè®®ä¸Šæ•™å®¤è‡ªä¹ ï¼‰ã€‚è¿˜æœ‰moocä¸Šé¢å…­ä¸ªå•å…ƒï¼ˆåº”è¯¥æ˜¯å…­ä¸ªï¼‰çš„å•å…ƒæµ‹è¯•ï¼Œå†™ä¸¤ç¯‡ä½œæ–‡ï¼ŒæœŸæœ«æµ‹è¯•å’Œè®¨è®ºé¢˜ï¼ˆä¸€ä¸ªå•å…ƒè‡³å°‘ä¸€ä¸ªï¼‰ã€‚è®¨è®ºè¯¾æ›´æ˜¯ç¥žä¸­ä¹‹ç¥žï¼Œè¦å®Œæˆä¿åº•å››æ¬¡çš„ä¸ªäººå±•ç¤ºï¼Œä¸¤æ¬¡å°ç»„å±•ç¤ºï¼Œä¸Žå¦å¤–ä¸€ç»„è¿›è¡Œä¸€æ¬¡è¾©è®ºï¼Œä¸»æŒä¸€æ¬¡è‡ªç”±è¾©è®ºï¼ŒæœŸæœ«è¿˜æœ‰ä¸€æ¬¡è€ƒè¯•ã€‚åŠ ä¸ŠæœŸæœ«æœ‰ä¸€æ¬¡å¼€å·çš„æœŸæœ«è€ƒè¯•ï¼Œæœ¬æ¬¡è€ƒè¯•ä¸€å…±æœ‰ä¸‰æ¬¡æœŸæœ«è€ƒè¯•ã€‚å½“ä½ èŠ±è´¹äº†å¾ˆå¤šç²¾åŠ›å®Œæˆäº†å¤§éƒ¨åˆ†é¡¹ç›®çš„æ—¶å€™ï¼Œå¶å°”æœ‰ä¸€ç‚¹å¤±è¯¯çš„æ—¶å€™ï¼Œå´è€å¸ˆä¼šå–„æ„çš„æé†’ä½ ï¼Œå½“ä½ ä½Žä¸‰ä¸‹å››çš„è¯·å¥¹èƒ½ä¸èƒ½è°ƒæ•´ä¸€ä¸‹çš„æ—¶å€™ï¼Œä»–ä¼šå‘Šè¯‰è¿™ä¸ªé¡¹ç›®æ˜¯ç³»ç»Ÿç›´å‡ºçš„ï¼Œå¥¹ä¹Ÿæ²¡åŠžæ³•ã€‚å¹¶ä¸”ä¼šå‘Šè¯‰ä½ ä»¥åŽå¯ä¸èƒ½å†æœ‰è¿™æ ·çš„é”™è¯¯ï¼Œç„¶åŽå¿ƒå®‰ç†å¾—çš„ç»™ä½ å¾ˆä½Žçš„åˆ†æ•°ã€‚\n\nå¦‚æžœæ²¡æœ‰è¿™é—¨è¯¾è®¤è¯æ–¹é¢çš„ä¿®è¯»è¦æ±‚ï¼Œé€‰å…¶ä»–çš„è¯¾å§ï¼Œä½ ä¼šå¤šå¾ˆå¤šå¿«ä¹çš„ã€‚
214756,1904,å´æ˜Šå§,2025-02-17 11:54:00,8,8,0,ä¾ç¨€è®°å¾—å¤§ä¸€è¯è®­æˆ‘ä»Žä¸è¿Ÿåˆ°ã€ç§¯æžå‘è¨€ï¼Œé‡åˆ°æ­»äººç»„å‘˜åªèƒ½è‡ªå·±å•ƒå®Œç»¼è¿°å†™è°ƒç ”æŠ¥å‘Šï¼Œå¤©çœŸä»¥ä¸ºåŠªåŠ›å°±æœ‰å›žæŠ¥ï¼Œæœ€åŽå–œæ3.3ã€‚\n\nç”¨äº†ä¸¤å¹´æ—¶é—´ç»ˆäºŽèµ°å‡ºé˜´éœ¾ï¼Œå¤§ä¸‰åˆå¼€å§‹ä¸Šè¯ç»¼ï¼Œç¬¬ä¸€å¤©ä¸Šå­¦å¥¹å°±èƒ½æ•´å‡ºè¿™ä¹ˆå¤šå¹ºè›¾å­ï¼Œå·²ç»å¯¹è¿™ä¸ªå­¦æœŸç»æœ›äº†ðŸ˜°
216198,1904,å´æ˜Šå§,2025-03-12 08:40:50,2,2,0,è¯ç»¼æ˜¯çœŸçš„ç´¯äººå•Šï¼Œçœ‹ä¼¼æ˜¯å…­èŠ‚è¯¾ï¼Œå®žé™…ä¸Šä¸€å‘¨ä¸ƒå¤©éƒ½å¾—ç»™è¿™è¯¾èŠ±å¿ƒæ€ç•™æ—¶é—´
216397,1904,å´æ˜Šå§,2025-03-15 11:25:34,1,1,0,è¯ç»¼è®©äººå¥½ç´¯ã€‚ã€‚ã€‚
218854,1904,å´æ˜Šå§,2025-05-08 13:28:31,1,1,0,ç»„å‘˜ä¸€ä¸ªå­¦æœŸå°±æ¥åšè¿‡ä¸€æ¬¡å®žéªŒï¼Œè¯ç»¼å‘µå‘µäº†ï¼Œä¸ºäº†è‡ªå·±å‘è®ºæ–‡æ™‹å‡å¼„å‡ºä¸€å †è¯¾å ‚å½¢å¼
221730,1904,å´æ˜Šå§,2025-06-25 15:10:36,1,1,0,ä¸€å·±ä¹‹åŠ›æ‹‰ä½Žè¯å­¦é™¢çš„æ•™å­¦å’Œç§‘ç ”æ°´å¹³ï¼Œå¯ä»¥è¯´æ˜¯ä»€ä¹ˆéƒ½ä¸ä¼šï¼Œä¸Šå¥¹è¯¾çš„äººæœ‰ç¦äº†ï¼Œå–œææµªè´¹ä¸€å¤§å †æ—¶é—´ã€‚è‡ªå·±æ²¡æœ‰æ°´å¹³è¿˜è¦ä¸€ç›´puaåˆ«äººï¼Œå¤§æ¦‚æ˜¯ä¸ºå¤±è´¥çš„äººç”Ÿæ‰¾æ…°è—‰å§
49433,1914,ç« å›½æž—,2017-04-12 06:55:09,-1,0,1,å¥½å¥½å¬å¾ˆæœ‰æ”¶èŽ·ï¼ŒæœŸæœ«è€ƒè¯•ä¹Ÿä¸éš¾
49928,1914,ç« å›½æž—,2017-04-27 08:55:49,4,6,2,æ²™bè€å¸ˆï¼Œè¯¾ç¨‹æ˜¯ç­‰çº§åˆ¶çš„ä»Žæ¥ä¸è¯´ï¼Œå‘æ­»äººçš„æ²™é›•ã€‚\n\n
49939,1914,ç« å›½æž—,2017-04-27 09:59:58,3,4,1,ç­‰çº§ç»™åˆ† ä¸‰æ¬¡ç‚¹å ç¬¬ä¸€èŠ‚è¯¾éƒ½ä¸è¯´ æœ€åŽè€ƒè¯„å¾ˆæ°´ è¯¾å¾ˆæ°´ ä½†æ˜¯ç»™åˆ†å¾ˆçƒ‚
50017,1914,ç« å›½æž—,2017-04-28 14:36:27,1,1,0,ç»™åˆ†æ˜¯ç­‰çº§åˆ¶å§ï¼Œåæ­£ä¸å–œæ¬¢å°±æ˜¯äº†
50210,1914,ç« å›½æž—,2017-05-01 08:26:23,-1,0,1,è®²å¾—æŒºå¥½ï¼Œå°±æ˜¯ä¼šä»¤äººæ˜æ˜æ¬²ç¡
51635,1914,ç« å›½æž—,2017-06-07 16:53:53,0,0,0,è®²å¾—ä¸é”™ï¼Œè¯¾å¾ˆæ°´
193253,1914,ç« å›½æž—,2024-06-05 07:35:50,1,1,0,ã€‚ã€‚ã€‚
15126,2026,æœ±ä¸¹é›,2016-01-12 07:00:45,7,8,1,å¥½å¥½å¥½
36424,2026,æœ±ä¸¹é›,2016-11-13 11:33:45,2,3,1,è®²è¯¾å¾ˆå¹³æ·¡ï¼Œä½†èµ·ç è¿˜èƒ½å­¦åˆ°ç‚¹ä¸œè¥¿ã€‚
63174,2026,æœ±ä¸¹é›,2017-11-29 02:30:58,0,1,1,å¾ˆæ£’çš„
67759,2026,æœ±ä¸¹é›,2018-01-22 06:46:06,0,1,1,å¾ˆå·®ç»™åˆ†ä¸é«˜
134260,2121,æ¸¸å‰‘,2021-07-01 13:01:40,1,2,1,å·å­é¢˜é‡å¤šåˆ°æš´é£Žå“­æ³£\n\nå¸Œæœ›è€å¸ˆèƒ½æž
134679,2121,æ¸¸å‰‘,2021-04-09 02:48:53,3,4,1,æˆ‘å«ä»–é¸¡æ±¤å“¥
134897,2121,æ¸¸å‰‘,2021-04-21 12:18:23,6,6,0,å¤ªçˆ±å¹ç‰›
137112,2121,æ¸¸å‰‘,2021-07-01 08:47:51,5,5,0,æ™®ä¿¡ç”·å…¸èŒƒ
137861,2121,æ¸¸å‰‘,2021-07-06 11:58:45,6,8,2,å¿ƒç–¼åŠ©æ•™giegie
150711,2121,æ¸¸å‰‘,2022-02-15 10:24:43,-5,5,10,è€å¸ˆé™¤äº†çˆ±å¹ç‰›å’Œçˆ±è¸¢è¶³çƒï¼Œäººæ˜¯ä¸é”™çš„ï¼Œç§‘ç ”èƒ½åŠ›ä¹Ÿä¸é”™ï¼Œå¯¹å­¦ç”Ÿæ¯”è¾ƒè´Ÿè´£
150712,2121,æ¸¸å‰‘,2022-02-15 10:29:57,-8,2,10,ä¹Ÿå¤ªå¸…äº†å§
171562,2121,æ¸¸å‰‘,2023-03-29 02:03:48,12,12,0,çˆ¹å‘³â€¦
171563,2121,æ¸¸å‰‘,2023-03-29 02:09:27,24,25,1,ä¸Šè¯¾ä¸å…è®¸ç”¨æ‰‹æœºã€‚10ç‚¹çš„è¯¾ææ—©15åˆ†é’Ÿåœ¨æ•™å®¤é‡Œè®²ä½œä¸šè¦æ±‚ã€‚è®¤ä¸ºå±•ç¤ºé‡åˆ°åžƒåœ¾ç»„å‘˜æ˜¯è‡ªå·±ç»„é˜Ÿæœ‰é—®é¢˜åŒç»„å¼ºåˆ¶åŒåˆ†ã€‚å®žéªŒè¯¾ä¸Šè®¤ä¸ºåŒå­¦å†™ä¹¦ä¸Šçš„æ€è€ƒé¢˜æ˜¯æ€ç»´åˆ»æ¿ä¸å¦‚å›½å¤–å­¦ç”Ÿä¼šè‡ªå·±åšPPTï¼ˆè¿™ä¸ªæ²¡æœ‰å…¬ç„¶è¯´ä½†åœ¨å®žéªŒè¯¾è®²å°ä¸Šä¸€ç›´å’Œå¦å¤–çš„è€å¸ˆå¨å¨ï¼Œæ‹¿ç€åŒå­¦çš„å®žéªŒæŠ¥å‘Šä¸€ä¸ªä¸€ä¸ªå’Œå…¶ä»–è€å¸ˆè¯„ä»·è¿‡åŽ»ï¼Œè¯´äººå’Œäººä¹‹é—´çš„å·®è·çœŸå¤§ï¼‰äº‹å¤šã€‚è¦å†™500å­—ä»¥ä¸Š1000å­—ä»¥ä¸‹æ€è€ƒé¢˜ã€‚/æˆªæ­¢è‡³å¼€å­¦äº”å‘¨åŽ
171564,2121,æ¸¸å‰‘,2023-03-29 02:11:28,12,13,1,å»ºè®®è€å¸ˆé™¤äº†å¿µPPTä¸€ä¸ªå­—ä¸è¦å¤šè¯´\n\næ™®ä¿¡è¨€è®ºæ¯æˆ‘å‘¨ä¸‰å‘¨å››å¥½å¿ƒæƒ…\n\nå»ºè®®å­¦å¼Ÿå­¦å¦¹ä»¬é¢„ç½®åˆ°\n\nç«‹é©¬é€€è¯¾\n\nä¸è¦çŠ¹è±«\n\nPPTå¿µçš„ä¹Ÿå¾ˆåžƒåœ¾
173386,2121,æ¸¸å‰‘,2023-05-22 15:57:39,7,7,0,ä¸Šè¯¾å¿…å®šå…ˆç‚¹äººæ•°ï¼Œäººæ•°æ²¡æ»¡å°±ç‚¹åï¼Œæˆ‘ä¸å¥½è¯„ä»·ä»€ä¹ˆå¿ƒç†ã€‚æ¯ä¸ªæœˆéƒ½è¦æ±‚å†™æ€è€ƒé¢˜ï¼ŒåŠ¨è¾„1000å­—+ï¼Œè¿˜åœ¨ç¾¤é‡Œé˜´é˜³è¯´å­¦ç”Ÿåˆ†ä¸æ¸…è½½è¯æŠ€æœ¯å’Œè¯ç‰©è½½ä½“æŠ€æœ¯çš„åŒºåˆ«ï¼Œè¿™ä¹ˆå–œæ¬¢æŠ å­—çœ¼ä½ å­¦æœŸåˆå°±åˆ«åœ¨è¯¾å ‚ä¸Šæžä»€ä¹ˆä¸è¦æ­»è¯»ä¹¦çš„è¯´æ•™ï¼Œä»¤äººæ¶å¿ƒã€‚ä¸Šè¯¾ä¸è®©ç”¨æ‰‹æœºç”µè„‘å¹³æ¿ï¼Œè¯¾é—´ä¹Ÿä¸å¿˜é˜´é˜³è¶ç€è¿™ä¹ˆç‚¹å¯æ€œçš„é—´éš™çœ‹çœ‹æ‰‹æœºçš„å­¦ç”Ÿï¼Œæ­£ç»ä¸Šè¯¾çš„æ—¶é—´åˆå–œæ¬¢æ‰¯æœ‰çš„æ²¡çš„ï¼Œè¯´è‡ªå·±å¤šä¹ˆå¤šä¹ˆç‰›é€¼ã€‚è¿˜æœ‰å°±æ˜¯ä»–è¯¾ä¸Šå±•ç¤ºè¦æ±‚æ‰€æœ‰äººéƒ½è¦è®²ï¼Œä½ ä¸ŠåŽ»è®²åˆ°ä¸€åŠä¼šè¢«ä»–å¼ºè¡Œæ‰“æ–­ï¼Œç„¶åŽè®©åŒç»„çš„äººä¸ŠåŽ»ç»§ç»­è®²ã€‚æ€»è€Œè¨€ä¹‹ï¼Œé¢„ç½®åˆ°ä»–çš„è¯¾è¶æ—©é€€ï¼Œå¬ä»–çš„è¯¾è¿˜ä¸å¦‚å¤šå¬å‡ éä¸çœŸçš„è”åˆå›½æ¼”è®²ï¼Œè‡³å°‘äººå®¶çº¯çœŸã€‚æ™®ä¿¡è™¾å¤´ç”·ç»™çˆ·çˆ¬ã€‚
174164,2121,æ¸¸å‰‘,2023-06-07 02:34:12,4,5,1,å•¥å‘—ï¼Œä¸Šçš„ä¸€å¨ç­”è¾©ï¼Œè¿˜æžä¸€å †æ²¡ç”¨çš„ä¸œè¥¿ã€‚
174165,2121,æ¸¸å‰‘,2023-06-07 02:34:12,3,4,1,å•¥å‘—ï¼Œä¸Šçš„ä¸€å¨ç­”è¾©ï¼Œè¿˜æžä¸€å †æ²¡ç”¨çš„ä¸œè¥¿ã€‚
174172,2121,æ¸¸å‰‘,2023-06-07 03:40:29,8,8,0,ä¸Šè¯¾çš„PPTå‡ºç‰ˆç¤¾æ˜¯ç›´æŽ¥è½½çš„\n\næœ‰æ—¶å€™è‡ªå·±éƒ½æ²¡çœ‹è¿‡è¦åå¤å¿µä¸€éæ‰å›žè¿‡å‘³æ¥ç»™å¤§å®¶å†è¯»ä¸€é\n\nå…¶ä»–å„ç§æ“ä½œä¹Ÿä»¤äººå¾ˆéš¾å—\n\næ€»ä¹‹å¿«è·‘
18141,2336,ä¸çŽ²,2016-01-21 08:10:19,5,6,1,éžå¸¸å¥½~
59916,2336,ä¸çŽ²,2017-09-28 07:08:27,2,2,0,nice
68564,2336,ä¸çŽ²,2018-01-23 11:13:28,3,3,0,å¾ˆå¥½çš„
70516,2336,ä¸çŽ²,2018-01-27 00:23:33,2,2,0,è€å¸ˆå¾ˆæ£’çš„~
126571,2336,ä¸çŽ²,2020-10-02 05:23:36,5,6,1,è¶…å¥½çš„è€å¸ˆï¼Œæˆ‘ä½œä¸ºæƒ³æ”¹è¡Œè€ƒç ”çš„ï¼Œå®žéªŒæŠ¥å‘Šå†™å¾—å¾ˆæ°´ï¼Œç„¶åŽå¥¹è¿˜ç»™æ¯”è¾ƒå¥½çœ‹çš„åˆ†æ•°ï¼Œçˆ±å¥¹ã€‚ç»™å¥¹10åˆ†
149652,2336,ä¸çŽ²,2022-01-16 09:19:34,0,5,5,å¥³ç¥žè€å¸ˆï¼æˆ‘å“­äº†ç®€ç›´ï¼Œä¸´åºŠè¯ç‰©æ²»ç–—å­¦å¤–ä¸“ä¸šé€‰çš„ä¸ªæ€§ï¼Œä¸Šè¯¾åŸºæœ¬å¬ä¸æ‡‚ä»€ä¹ˆä»¥ä¸ºè‚¯å®šç»©ç‚¹å‡‰å‡‰äº†ï¼Œå››æ¬¡å¼€å·å°æµ‹ä¸€æ¬¡95ï¼Œä¸€æ¬¡65ä¸€æ¬¡80ï¼Œä¸€æ¬¡100ï¼Œæœ€åŽ4.8ï¼4.8ï¼æ¿€åŠ¨å“­äº†ï¼Œå®žåœ¨å¤ªè°¢è°¢è€å¸ˆæ²¡æœ‰ä¸ºéš¾å¤–ä¸“ä¸šçš„å­¦ç”Ÿäº†ã€‚
164905,2336,ä¸çŽ²,2022-12-27 12:13:03,0,0,0,æ¸©æŸ”è€å¿ƒçš„è€å¸ˆï½ž
171918,2336,ä¸çŽ²,2023-04-12 12:38:17,0,0,0,ç¥žä¸­ç¥žï¼è¯å­¦é™¢å°±æ˜¯æ‚¨è€çš„åŽèŠ±å›­ï¼
208847,2336,ä¸çŽ²,2025-01-02 12:42:59,0,0,0,å¥½å¥½å¥½
218923,2336,ä¸çŽ²,2025-05-13 12:19:05,0,0,0,ç‰¹åˆ«å¥½
15053,2384,ç››è£,2016-01-11 16:52:23,1,5,4,ç”·ç¥žå•Šå•Šå•Šï¼è¶…nice
15128,2384,ç››è£,2016-01-12 07:01:39,3,6,3,å¥½å¥½å¥½
17472,2384,ç››è£,2016-01-20 09:06:37,1,3,2,æ£’æ£’æ£’æ£’ï¼
17480,2384,ç››è£,2016-01-20 09:33:06,-3,2,5,ç››è£çˆ¸çˆ¸æ£’!
36421,2384,ç››è£,2016-11-13 11:27:31,-2,1,3,è¿˜å¥½ã€‚ã€‚ã€‚
67761,2384,ç››è£,2018-01-22 06:47:21,-2,5,7,å¾ˆå·®è‡ªå·±éƒ½ä¸æ˜¯å¾ˆæ‡‚å°±æ¥è®²äº†
75771,2384,ç››è£,2018-03-17 03:24:43,0,2,2,å‘µå‘µå‘µ
88881,2384,ç››è£,2018-11-11 12:40:16,-1,1,2,å¥½çš„å¾ˆ
128086,2384,ç››è£,2020-12-07 04:53:18,0,2,2,ç»™åˆ†è‰¯å¿ƒï¼Œè„¾æ°”å¥½ï¼Œè®²è¯¾å˜›ï¼Œä¸€é—¨èƒŒä¹¦è¯¾å•¥è€å¸ˆæ— æ‰€è°“
187211,2384,ç››è£,2024-01-15 05:46:43,2,2,0,è®²è¯¾è¿˜è¡Œï¼Œä½†æ˜¯å®žéªŒè¯¾æ¯”è¾ƒä¸¥æ ¼
198756,2384,ç››è£,2024-09-11 10:55:00,2,2,0,å¥½å¥½å¥½
209176,2384,ç››è£,2025-01-05 02:18:31,0,0,0,å®žéªŒè¯¾æŒºä¸¥çš„
209275,2384,ç››è£,2025-01-05 09:45:31,2,2,0,è€å¸ˆæœ‰çš„æ—¶å€™è„¾æ°”å¾ˆå¥½ï¼Œæœ‰çš„æ—¶å€™å¾ˆæš´èºï¼ˆbushiï¼‰ã€‚æ€»çš„æ¥è¯´æŒºå¥½çš„
209808,2384,ç››è£,2025-01-07 06:59:47,0,1,1,é—®é—®ç ”ç©¶ç”Ÿå°±çŸ¥é“äº†ä¸€å¨
219371,2384,ç››è£,2025-05-26 04:43:10,1,1,0,åƒæ˜¯æœ‰é‚£ä¸ªç‹‚èºç—‡ä¸€æ ·ï¼Œåšèµ·è¯ç»¼å®žéªŒçœ‹ä¼¼æŒ‡å¯¼å¾ˆå¤šï¼Œå…¶å®žå¤§ç”¨æ²¡æœ‰ï¼Œéª‚äººéª‚å¾—å¾ˆæ²¡é“ç†
221469,2384,ç››è£,2025-06-24 02:50:40,1,1,0,æ³¢è°±2.7ã€‚å¹³é™çš„æƒ³ç¬‘ï¼Œæˆ‘æ³¢è°±å­¦çš„æœ€å¤šäº†ç®—ï¼Œæœ‰ä¸€æ¬¡å­¦æ°¢è°±å­¦åˆ°2ç‚¹ï¼Œå¯èƒ½å› ä¸ºæœ‰æœºå…¨é”™äº†å§ï¼Œæ°¢è°±ä¹Ÿæ²¡åšå‡ºæ¥ã€‚æœŸä¸­ä¹Ÿå¾ˆçƒ‚ï¼ˆæ˜¯çœŸçš„å­¦ä¸ä¼šï¼‰ã€‚å› ä¸ºæˆ‘ä¸Šè¯¾è·Ÿä¸ä¸Šï¼Œçº¢å¤–éƒ¨åˆ†åŽé¢è‡ªå·±å¬æ™ºäº‘è¿˜è¡Œï¼Œå¹³å‡åˆ†3.9ï¼Œè¯´æ˜Žæ˜¯æˆ‘çš„åŽŸå› ã€‚å› ä¸ºè‡ªå·±çƒ‚ï¼Œæ‰€ä»¥è§‰å¾—è€å¸ˆä¸å¥½ï¼ˆè¡Œå—ï¼Œå°±æ˜¯è¿™ä¹ˆä»»æ€§ï¼‰ã€‚æ„Ÿè§‰åŽé¢ä¸“ä¸šè¯¾éƒ½æ²¡æœ‰åŠ©æ•™ï¼Œé—®è€å¸ˆé—®é¢˜ä¹Ÿå›žç­”çš„å¾ˆä¸åŠæ—¶ï¼Œå¯èƒ½å°±æ˜¯è¿™æ ·å§ï¼Œå¯èƒ½åªæœ‰æˆ‘æœ‰è¿™ä¹ˆå¤šé—®é¢˜å§ï¼Œå¯èƒ½åªæœ‰æˆ‘è·Ÿä¸ä¸Šå§ï¼ˆä½†æ˜¯æˆ‘å°±è¦ç»™è€å¸ˆæ‰“7åˆ†ï¼‰ã€‚è¿™é—¨è¯¾æ•™è‚²æˆ‘ä»€ä¹ˆå«åŠªåŠ›äº†ä¸€ç‚¹ç”¨æ²¡æœ‰ï¼ˆä¹Ÿæœ‰ç”¨ä¸åŠªåŠ›å°±æŒ‚äº†å‘—ï¼‰
221476,2384,ç››è£,2025-06-24 03:54:53,2,2,0,äººå’Œè¯¾éš¾è¯´å“ªå¨æ›´å¹½é»˜ã€‚
221517,2384,ç››è£,2025-06-24 07:26:03,1,1,0,æ³¢è°±æˆ‘ä¸Šæ—©å…«
6829,2390,æ¨æ³¢,2015-07-23 10:11:38,12,13,1,å‘µå‘µå“’
16288,2390,æ¨æ³¢,2016-01-17 16:56:59,2,4,2,2333è¶…å¹´è½»
23787,2390,æ¨æ³¢,2016-04-16 13:47:34,6,6,0,å‘µå‘µå“’
36860,2390,æ¨æ³¢,2016-11-16 09:09:36,3,7,4,å¤§ç‰©å®žéªŒçš„è€å¸ˆï¼Œå¯¹å­¦ç”Ÿæ€åº¦è¿˜ä¸é”™ï¼Œç»™åˆ†æ¯”è¾ƒæ‘¸ä¸é€ï¼Œé€‰äº†ä¸‰æ¬¡å¥¹çš„è¯¾ï¼Œæˆç»©89ï¼Œ98ï¼Œ88ï¼Œè¿‡å±±è½¦ä¸€æ ·ï¼Œæ‘¸å‡†äº†å¥¹çš„è¦æ±‚èƒ½è§„èŒƒåšå¥½æŠ¥å‘Šç»™åˆ†å°±ä¼šå¾ˆé«˜ï¼Œä½†æ˜¯ä¸€èˆ¬ç»™åˆ†ä¸è¶…è¿‡90åˆ†ï¼ˆå¹³å‡å¤§çº¦85åˆ°90ï¼Œæˆ‘çœ‹åˆ°è¿‡å¥¹çš„æˆç»©è¡¨ï¼‰
60740,2390,æ¨æ³¢,2017-10-29 07:29:09,6,6,0,ç»™äº†80åˆ†ï¼Œå¬è¯´è¿˜æœ‰70å¤šçš„ï¼Œä¸æ˜¯å¾ˆæ‡‚ä¸ºä»€ä¹ˆè¿™ä¹ˆä½Ž\n\n
66183,2390,æ¨æ³¢,2018-01-12 15:15:37,1,2,1,ç»™åˆ†å¾ˆéšæ„ï¼Œæˆ‘å°±å‘µå‘µå“’äº†
66352,2390,æ¨æ³¢,2018-01-15 08:41:59,-23,6,29,å‚»é€¼è€å¸ˆï¼Œè¿™ç§è€å¸ˆæ€Žä¹ˆä¸åŽ»æ­»ï¼Ÿ
66496,2390,æ¨æ³¢,2018-01-17 04:16:12,-19,3,22,å‚»é€¼è€å¸ˆ
83510,2390,æ¨æ³¢,2018-07-10 13:00:36,5,5,0,è€å¸ˆå¯¹å­¦ç”Ÿå¾ˆè´Ÿè´£çš„ï¼Œååˆ†æœ‰è€å¿ƒï¼ŒçœŸæ˜¯å¥½äºº
86053,2390,æ¨æ³¢,2018-08-31 13:40:44,-2,2,4,å—ç›Šéžæµ…
9327,2455,å¼ ç¿”å—,2015-10-21 16:11:23,-2,6,8,ç¿”ç”·ç¥žï¼Œä¼šé€—ä¼šçŽ©ä¼šä¸¥è‚ƒã€‚ã€‚
17534,2455,å¼ ç¿”å—,2018-09-11 01:55:48,4,11,7,è¶…æ£’ ä¸Šå¤§å­¦ä»¥æ¥å¬çš„æœ€å¼€å¿ƒçš„ä¸“ä¸šè¯¾
50676,2455,å¼ ç¿”å—,2017-05-04 07:30:35,-3,3,6,ï¼ï¼ï¼
51730,2455,å¼ ç¿”å—,2017-06-09 00:27:17,-3,5,8,è€å¸ˆè®²è¯¾æ¡ç†æ¸…æ™° å·¨æ— æ•Œå¥½
59736,2455,å¼ ç¿”å—,2017-09-26 10:05:49,-3,6,9,ä¸Šè¯¾ç”ŸåŠ¨ï¼Œæ¡ç†æ¸…æ™°ã€‚10åˆ†ã€‚
63173,2455,å¼ ç¿”å—,2017-11-29 02:30:20,1,9,8,è¶…çº§æ£’..å—ç¥žä¼šnå›½è¯­è¨€..æ€’èµž..è®²è¯¾è¶…çº§æœ‰æ¡ç†
70517,2455,å¼ ç¿”å—,2018-01-27 00:24:51,-2,4,6,ä¸Šè¯¾ä»Žæ¥ä¸çŠ¯å›°äº†
77674,2455,å¼ ç¿”å—,2018-05-07 08:43:15,-4,3,7,è€å¸ˆäººçœŸçš„å¾ˆå¥½ï¼
79308,2455,å¼ ç¿”å—,2018-05-30 16:03:05,-5,2,7,æ„Ÿè§‰å¾ˆèŒ
85240,2455,å¼ ç¿”å—,2018-07-16 12:05:45,-3,4,7,è€å¸ˆç»™åˆ†ä¹Ÿå¤ªå¥½äº†ï¼ï¼ï¼
86572,2455,å¼ ç¿”å—,2018-09-17 08:51:19,1,5,4,æ˜¯ä¸æ˜¯å¼„é”™äººäº†ï¼Ÿ
88828,2455,å¼ ç¿”å—,2018-11-09 07:16:25,4,9,5,å¬ä»–çš„è¯¾ä½ å°±ä¸ä¼šæƒ³çŽ©æ‰‹æœºã€‚å—¯å­¦ä¹ çœŸå¥½çŽ©ã€‚
122053,2455,å¼ ç¿”å—,2020-02-07 15:37:10,1,6,5,ä¸Šå¤§å­¦ä»¥æ¥æœ€è®¤çœŸå¬çš„è¯ç†è¯¾\n\n\n\n
132075,2455,å¼ ç¿”å—,2021-01-30 06:14:48,6,11,5,ç¿”å—æˆ‘å¥½çˆ±ï¼ï¼ï¼
139706,2455,å¼ ç¿”å—,2021-07-20 14:10:37,9,10,1,è€å¸ˆè®²çš„æ²¡è¯è¯´ï¼Œä½†æ˜¯å¯¹ä¸€ä¸ªé€šè¯†è¯¾çš„è¯„åˆ†è¦æ±‚å®žéš¾è‹ŸåŒ
141579,2455,å¼ ç¿”å—,2021-10-15 10:33:24,8,33,25,è¯å­¦é™¢å±Œäººä¸€ä¸ªï¼Œè¡¨é¢çœ‹ç€äººä¸é”™å¿ƒé‡Œé˜´æš—çš„è¦æ­»ï¼ŒçœŸä¸çŸ¥é“æœ¬ç§‘é­é‡äº†ä»€ä¹ˆæ‰ä¼šè®©ä»–çŽ°åœ¨è¿™ä¹ˆæ¶å¿ƒå­¦ç”Ÿ
141641,2455,å¼ ç¿”å—,2021-10-18 23:16:01,-3,3,6,è€å¸ˆçœŸçš„å¾ˆå¥½
141852,2455,å¼ ç¿”å—,2021-10-28 01:18:44,-2,4,6,è€å¸ˆè¶…å¥½
160192,2455,å¼ ç¿”å—,2022-09-14 15:36:32,15,20,5,çœŸçš„exäºº
160646,2455,å¼ ç¿”å—,2022-09-29 06:31:48,7,9,2,4000+
170711,2455,å¼ ç¿”å—,2023-03-08 10:21:01,13,16,3,è¯å­¦é™¢ç­”è¾©ä¸€å¨ï¼ŒðŸ’© æµ™å¤§æ•™è‚²çš„æ¯’ç˜¤ï¼Œå®Œå…¨ä¸å…³æ³¨éžè¯å­¦çš„å­¦ç”Ÿï¼Œå·²è¯»ä¸å›žï¼Œå‘µå‘µ
171565,2455,å¼ ç¿”å—,2023-03-29 02:12:09,-5,4,9,å”¯ä¸€ä¸€ä¸ªèƒ½è®©æˆ‘ä¸Šè¯¾åšæŒä¸çœ‹æ‰‹æœºçš„è€å¸ˆï¼Œè¯ç†è®²å¾—è¶…çº§å¥½
179520,2455,å¼ ç¿”å—,2023-09-18 02:04:17,13,13,0,ä¹Œé±¼å­ï¼Œç»™åˆ†å¤ªå·®äº†
189437,2455,å¼ ç¿”å—,2024-01-24 07:04:24,2,4,2,ç»™åˆ†æ˜¯çœŸçš„å·®ï¼Œä½†æ˜¯è®²è¯¾æŒºå¥½çš„ï¼Œå¯ä»¥é€‰å…¶ä»–è€å¸ˆçš„è¯¾æ¥å¬ä»–çš„æ™ºäº‘
189493,2455,å¼ ç¿”å—,2024-01-25 03:31:45,5,5,0,ç»™åˆ†éžå¸¸æ±‚æ˜¯
189510,2455,å¼ ç¿”å—,2024-01-25 07:45:06,6,6,0,ç»™åˆ†éžå¸¸æ±‚æ˜¯ï¼Œå®Œå…¨ä¸æžäºº
190363,2455,å¼ ç¿”å—,2024-02-28 11:38:18,4,4,0,ä¸Šè¯¾æŒºæ¸…æ™°çš„ï¼Œä½†ç»™åˆ†......
190939,2455,å¼ ç¿”å—,2024-03-25 05:13:24,4,4,0,è¯¾ä¸ŠæŒºå¥½ äººä¸å’‹åœ°
191113,2455,å¼ ç¿”å—,2024-04-04 13:27:58,2,2,0,ç»™åˆ†ä¸å¥½
192336,2455,å¼ ç¿”å—,2024-05-15 16:10:11,2,2,0,ç»™åˆ†è¶…çƒ‚
192955,2455,å¼ ç¿”å—,2024-06-01 06:50:19,3,3,0,ä¸Šè¯¾å¾ˆæœ‰è¶£ï¼Œä½†ç»™åˆ†è¶…çƒ‚
210049,2455,å¼ ç¿”å—,2025-01-08 04:18:54,1,2,1,goushi
221731,2455,å¼ ç¿”å—,2025-06-25 15:13:36,0,0,0,äººä¸å’‹æ ·ï¼Œä¸Šè¯¾è¿˜è¡Œå§
88360,2477,çž¿æµ·æ–Œ,2018-10-29 11:29:15,7,9,2,çœŸçš„æ„Ÿè§‰ä¸è¡Œ
119019,2477,çž¿æµ·æ–Œ,2019-11-09 13:42:55,3,6,3,è€å¸ˆè®²è¯¾æ¯”è¾ƒæœ‰æ¡ç†ï¼Œä¼šç»™åŒå­¦ä»¬åšæ€ç»´å¯¼å›¾ç”¨äºŽå¤ä¹ ï¼Œæœ€åŽç»™åˆ†ä¹Ÿä¸é”™ã€‚
160023,2477,çž¿æµ·æ–Œ,2022-09-12 02:21:37,3,3,0,ä»–ä¸è¡Œ
162472,2477,çž¿æµ·æ–Œ,2022-11-23 03:26:27,2,2,0,ç»™åˆ†ä¸å¤ªè¡Œ
183279,2477,çž¿æµ·æ–Œ,2023-11-23 11:32:10,1,2,1,ç»™åˆ†ä¸€èˆ¬å§ï¼Œè®²è¯¾ä¹Ÿä¸­è§„ä¸­çŸ©ã€‚
183750,2477,çž¿æµ·æ–Œ,2023-11-29 14:16:33,1,1,0,ç»™åˆ†ä¸å¥½ï¼
204108,2477,çž¿æµ·æ–Œ,2024-11-24 09:10:55,0,0,0,ç»™åˆ†ä¸å¥½ï¼
79755,2481,å‘¨é•¿æ–°,2018-06-13 09:05:23,2,2,0,å‘µå‘µå‘µ
141844,2481,å‘¨é•¿æ–°,2021-10-27 14:06:50,-1,0,1,è€å¸ˆäººçœŸçš„å¾ˆå¥½
167060,2481,å‘¨é•¿æ–°,2023-01-14 22:54:50,3,3,0,å‘µå‘µå‘µå‘µ
177313,2481,å‘¨é•¿æ–°,2023-07-03 01:13:12,0,0,0,è€å¸ˆæŒºå¥½ï¼Œå®žéªŒæŠ¥å‘Šç»™åˆ†ä¸å¤ªå¥½
219550,2481,å‘¨é•¿æ–°,2025-05-29 13:46:43,0,0,0,å‘µå‘µå‘µ
67908,2727,çŽ‹ä¹¦èŠ³,2018-01-22 09:45:16,0,3,3,å¤©ç„¶è¯ç‰©åŒ–å­¦ï¼ŒæŒºå¥½çš„ã€‚æœ‰é‡ç‚¹ï¼Œèƒ½å­¦åˆ°ä¸€äº›ä¸œè¥¿ã€‚
85529,2727,çŽ‹ä¹¦èŠ³,2018-07-19 03:35:34,4,7,3,è€å¸ˆä»Žå¾…äººè§’åº¦æŒºçƒ­å¿ƒçš„ã€‚ä½†å¯¹å¤©ç„¶è¯ç‰©è¿™é—¨è¯¾ï¼Œè¯¾ç¨‹è®¾è®¡ä¸æ•¢æ­ç»´ã€‚ç»™åˆ†ä¹Ÿä¸å’‹åœ°å§ã€‚
192289,2727,çŽ‹ä¹¦èŠ³,2024-05-14 01:28:40,2,2,0,æ„Ÿè§‰è®²è¯¾æ²¡æœ‰é‡ç‚¹ï¼Œå»ºè®®åšå¥½è‡ªå·±çœ‹ä¹¦çš„å‡†å¤‡
195112,2727,çŽ‹ä¹¦èŠ³,2024-06-26 23:43:47,1,2,1,è®²è¯¾æ²¡æœ‰é‡ç‚¹ï¼Œæ¯æ¬¡èŠ±å¾ˆé•¿æ—¶é—´è®²ä¸è€ƒçš„ä¸œè¥¿ï¼Œè€ƒè¯•çš„pptå°±è¯»è¯»å°±è¿‡åŽ»äº†ï¼Œè¿˜è¦ç‚¹åï¼Œä¸çŸ¥é“è¿™é—¨è¯¾æœ‰ä»€ä¹ˆå¿…è¦å¬çš„ï¼ŒçœŸçš„å°±ä¸èƒ½æ˜Žç¡®ä¸€ä¸‹è€ƒç‚¹å’Œæ•™å­¦å†…å®¹å—
197425,2727,çŽ‹ä¹¦èŠ³,2024-07-14 13:09:05,1,2,1,ä¸Šè¯¾è®²çš„å”¯ä¸€æœ‰ç”¨çš„ç‚¹æ˜¯å“ªéƒ¨åˆ†ä¼šè€ƒã€‚è®²è¯¾æ²¡ä»€ä¹ˆé‡ç‚¹ï¼ŒèŠ±å¾ˆå¤šæ—¶é—´è®²è€ƒè¯•ä¸è®²çš„ä¸œè¥¿ï¼Œçº¯è¯»PPT
215894,2727,çŽ‹ä¹¦èŠ³,2025-03-06 15:21:20,0,0,0,è€å¸ˆäººå¾ˆå¥½ï¼Œå¤©ç„¶è¯åŒ–å°±è‡ªå­¦å§
70518,2798,é™ˆå¿ ,2018-01-27 00:25:46,0,0,0,æˆ‘ï¼Œé•¿æ±Ÿå­¦è€…ï¼Œå¬è¯¾
86691,2798,é™ˆå¿ ,2018-09-18 03:48:56,0,0,0,è®²è¯¾æŒºæœ‰æ„æ€ã€‚å¯ä»¥æ„Ÿè§‰åˆ°ä»–æ˜¯æ•™ç»™å­¦ç”Ÿå‘æ•£æ€ç»´ã€‚ä¸è¿‡å°±æ˜¯ä¸Šè¯¾æœ‰ç‚¹å¤ªå¤šè¯¾å¤–å†…å®¹ä¸è¿‡å¬ç€ä¹Ÿä¸é”™ã€‚è¿˜OKå§
144133,3029,å­™ç¿ è£,2021-12-19 09:18:57,0,2,2,emmmmè€å¸ˆè®²è¯¾æ¯”è¾ƒå«ç³Šï¼Œä½†è¿˜æ˜¯å¯ä»¥å­¦åˆ°ä¸œè¥¿çš„ã€‚
204509,3029,å­™ç¿ è£,2024-11-26 10:33:50,1,1,0,mean
209511,3029,å­™ç¿ è£,2025-01-06 06:56:55,0,0,0,å¤§å®¶éƒ½ä¸å¬è¯¾\n\nä¸Šè¯¾ä¸Šç€ä¸Šç€è‡ªå·±å°±ç”Ÿæ°”äº†\n\nä¸è¿‡è€å¸ˆäººè¿˜æ˜¯æŒºå¥½çš„\n\nè¿™é—¨è¯¾ä¹Ÿè¦æ²¡æœ‰äº†
209947,3029,å­™ç¿ è£,2025-01-07 13:56:01,0,1,1,å”‰ï¼Œå…¶å®žè€å¸ˆäººæŒºå¥½çš„ã€‚ä½†æ˜¯æˆ‘æ„Ÿè§‰æˆ‘è¦æŒ‚äº†ã€‚
87156,3090,èŒƒéªè¾‰,2018-09-21 03:13:25,0,0,0,ã€‚ã€‚ã€‚
108825,3090,èŒƒéªè¾‰,2019-06-03 03:04:52,1,1,0,èŒƒè€å¸ˆèŒèŒå“’~~
117193,3090,èŒƒéªè¾‰,2019-09-20 07:19:22,0,1,1,nice xiong dei
123801,3090,èŒƒéªè¾‰,2020-06-14 10:01:40,1,3,2,é™¢é•¿ä¸é”™
129356,3090,èŒƒéªè¾‰,2021-01-04 12:28:24,1,1,0,ç‰›æ‰¹å¹çš„æˆ‘å¾ˆçˆ±å¬
130539,3090,èŒƒéªè¾‰,2021-01-23 14:04:00,0,0,0,è®²è¯¾å¾ˆé£Žè¶£ï¼Œç»™åˆ†ä¹Ÿå¾ˆä¸é”™
200905,3090,èŒƒéªè¾‰,2024-10-24 10:17:30,0,0,0,æˆ‘ç”·ç¥ž
44388,3169,å¾å¨ŸåŽ,2017-01-17 16:56:16,0,0,0,å°ç­ï¼ŒçŸ¥é“çš„ä¸é”™çš„
192956,3204,æˆšå»ºåŽ,2024-06-01 06:51:53,0,1,1,å®žéªŒè€å¸ˆï¼Œäººéžå¸¸å¥½ï¼
59707,3220,ç½—æ²›åŽ,2017-09-26 05:26:17,8,8,0,æ£’æ£’æ£’
118085,3220,ç½—æ²›åŽ,2019-10-21 00:37:20,0,2,2,â€œåªè¦ä½ æ˜¯ç”·çš„ï¼Œä¿ç ”æ¥æˆ‘ä»¬è¿™é‡Œä¸€å®šæ”¶â€
128375,3220,ç½—æ²›åŽ,2020-12-22 01:06:16,0,1,1,å’±èƒ½ä¸å¿µä¹¦å—
164812,3220,ç½—æ²›åŽ,2022-12-26 08:21:20,0,0,0,è¯»éƒ½è¯»ä¸æ¸…æ¥š
170712,3220,ç½—æ²›åŽ,2023-03-08 10:22:33,-2,0,2,ç­”è¾©ä¸€å¨
183612,3220,ç½—æ²›åŽ,2023-11-28 02:13:14,4,4,0,æ— å°½é»‘å¤œä¸­åˆ’ç ´é»‘æš—çš„æµæ˜Ÿâ€”â€”ç½—åœ£ï¼
183613,3220,ç½—æ²›åŽ,2023-11-28 02:16:50,2,2,0,è€å¸ˆçš„å®žéªŒè¯¾å¾ˆå¤©ä½¿qwq
183632,3220,ç½—æ²›åŽ,2023-11-28 04:39:03,2,2,0,è¯ç†å®žéªŒé¦–é€‰â€œè¯â€â€”ç½—åœ£
183633,3220,ç½—æ²›åŽ,2023-11-28 04:49:40,0,0,0,é‡åˆ°å¥¹ä¹‹å‰ï¼Œåˆ«çš„å¹³è¡Œç­æœ¬ä¸çŸ¥é“ä»€ä¹ˆæ˜¯é»‘æš—
183634,3220,ç½—æ²›åŽ,2023-11-28 05:00:49,0,0,0,åˆ«é€‰ç½—ï¼Œä¸Šè¯¾å•¥éƒ½ä¸ç”¨åšå°±æ»¡äº†
57337,3222,å½­ä¸½åŽ,2017-07-06 23:39:06,-4,2,6,è€å¸ˆäººè¿˜ä¸é”™ï¼Œä½†æ˜¯ä¸Šè¯¾æ²¡æœ‰é‡ç‚¹ï¼Œæœ€åŽæœŸæœ«è€ƒçˆ†ç‚¸ï¼Œåˆ†æ•°æ‰€æœ‰è¯¾æœ€ä½Žã€‚
58941,3222,å½­ä¸½åŽ,2017-09-18 15:14:15,7,9,2,è€å¸ˆè‡ªæˆ‘æ„Ÿè§‰è‰¯å¥½ å‘µå‘µ
116266,3222,å½­ä¸½åŽ,2019-09-07 01:05:45,1,2,1,ä¸å–œæ¬¢
139982,3222,å½­ä¸½åŽ,2021-08-22 17:26:38,3,3,0,åžƒåœ¾è€å¸ˆï¼Œä¸Šè¯¾åªä¼šè¯»pptå’Œè¯¾æœ¬
160655,3222,å½­ä¸½åŽ,2022-09-29 11:27:33,1,2,1,æ‡‚çš„éƒ½æ‡‚ï¼Œæˆ‘ä¹Ÿä¸å¤šè¯´äº†
217275,3222,å½­ä¸½åŽ,2025-04-07 10:17:30,1,1,0,é€‰å¥¹çº¯äº«å—ï¼Œæ— æ•Œå¿«ä¹ï¼Œä½ æ‡‚çš„ï¼Œååˆ†pushï¼Œå•¥ä¹Ÿä¸æŒ‡å¯¼ï¼Œå°å˜´ä¸€å­å­å°±æ˜¯è®©ä½ åšï¼Œåšä¸å‡ºæ¥è¦è¯´ä½ ï¼Œåšå¾—å‡ºæ¥ä½ çœŸæ£’ï¼Œæƒ³ä½“éªŒç”Ÿæ­»éš¾æ–™çš„æ„Ÿè§‰é€‰å¥¹å°±å¯¹äº†
220651,3222,å½­ä¸½åŽ,2025-06-19 05:18:36,1,1,0,ç«™é‚£å„¿å°±æ˜¯è®©ä½ åšï¼Œåˆ«çš„ç­éƒ½æœ‰çš„èµ„æ–™ï¼Œå¥¹åªä¸€å¥è¯ï¼Œé€šçŸ¥æ˜¯ä¸åˆ°ä½çš„ï¼Œè¯„åˆ†æ˜¯ä¸æ˜Žç¡®çš„ï¼Œå•¥æ¶ˆæ¯éƒ½å¾—æ‰¾åˆ«çš„ç­æ‰“å¬
70520,3234,å¼ è¾°,2018-01-27 00:27:25,0,0,0,å’Œå’Œè”¼çš„è€çˆ·çˆ·
117035,3234,å¼ è¾°,2019-09-18 12:10:27,0,0,0,ä¸çŸ¥é“ä¸ºä»€ä¹ˆé€‰è¯¾çš„äººå¾ˆå°‘ï¼Œè™½ç„¶æ²¡äººå¬ï¼Œä½†è€å¸ˆçœŸçš„è®²å¾—å¾ˆè®¤çœŸï¼Œ
49348,3373,ç¿å‹¤æ´,2017-04-07 00:18:07,0,1,1,å–œæ¬¢
51172,3373,ç¿å‹¤æ´,2017-05-22 09:52:47,0,0,0,è¿˜ä¸é”™
52157,3373,ç¿å‹¤æ´,2017-06-15 08:06:47,4,4,0,å‚»é€¼è€å¸ˆ
57383,3373,ç¿å‹¤æ´,2017-07-07 06:03:47,1,2,1,å®¢è§‚è¯„ä»·ä¸‰ä¸ªå­—ï¼Œä¹±ç»™åˆ†ã€‚å°±æœŸæœ«å°ç»„äº¤ä¸€ç¯‡è®ºæ–‡ï¼Œæœ‰ä¸€ä¸ªç»„è§‰å¾—åˆ†ä½Žäº†ï¼ŒåŽ»æ‰¾è€å¸ˆï¼Œå°±ç»™æ”¹äº†ï¼Œè¿™è¯´æ˜Žè€å¸ˆç»™åˆ†ä¹Ÿæ˜¯ä¹±ç»™çš„ä¸æ˜¯å—ã€‚
123550,3373,ç¿å‹¤æ´,2020-06-10 00:08:15,3,3,0,åžƒåœ¾ï¼Œå¼„ä¸çµæ¸…
135447,3373,ç¿å‹¤æ´,2021-05-10 16:18:36,0,0,0,è€å¸ˆæŒºå¥½çš„
151808,3373,ç¿å‹¤æ´,2022-03-16 11:31:19,2,2,0,è°¢è°¢æ‚¨ï¼Œç¿è€å¸ˆï¼
159685,3373,ç¿å‹¤æ´,2022-08-23 08:01:15,0,0,0,å¾ˆä¸€èˆ¬
68566,3495,æœ±è™¹,2018-01-23 11:14:49,2,2,0,nice
125005,3495,æœ±è™¹,2020-10-07 05:33:09,3,3,0,å¯¹å­¦ç”Ÿå¾ˆå¥½çš„è€å¸ˆ
210128,3495,æœ±è™¹,2025-01-08 08:04:54,0,0,0,è€å¸ˆå¥½å¥½
219800,3495,æœ±è™¹,2025-06-06 12:21:32,1,1,0,è¯è®­æ˜¯æœ±è™¹è€å¸ˆç»„çš„ï¼Œæ„Ÿè§‰è€å¸ˆè¿˜æ˜¯æŒºå¥½çš„ï¼Œä¼šè·Ÿæˆ‘ä»¬è®²ç»¼è¿°æ’°å†™æ€è·¯ï¼Œå†™å®Œè¿˜ä¼šå¸®æˆ‘ä»¬æ”¹
172768,3516,é™†æ™“ç‡•,2023-05-06 11:48:49,1,2,1,è¯è®­è¯¾é‡Œé¢æ¯”è¾ƒå¥½çš„è€å¸ˆä¹‹ä¸€ï¼Œè´Ÿè´£è¯ä¿¡éƒ¨åˆ†ï¼Œäº²å’ŒåŠ›æ¯”è¾ƒå¼ºï¼Œä½†æ˜¯è¯ä¿¡çš„å†…å®¹æœ¬èº«æ²¡æœ‰å¸å¼•åŠ›ï¼Œæ‰€ä»¥æˆ‘æ²¡æ€Žä¹ˆåŽ»å¬ã€‚å¦å¤–å¥¹åœ¨è¯è®­5.5å¸¦é˜Ÿç»„ç»‡çš„å‚è§‚è´¨é‡ä¹Ÿæ¯”è¾ƒé«˜ï¼Œå¾ˆå¤§ä¸€éƒ¨åˆ†æ—¶é—´å¯ä»¥ç”¨æ¥æ¬£èµæ™¯è§‚
70519,3527,é‚¹å®æ–Œ,2018-01-27 00:26:51,0,0,0,è€å¸ˆå¾ˆæ£’~
75766,3527,é‚¹å®æ–Œ,2018-03-17 01:53:41,0,0,0,è¶…niceçš„è€å¸ˆï¼å¾ˆè€å¿ƒå¾ˆæ¸©æŸ”ï¼
128449,3527,é‚¹å®æ–Œ,2020-12-23 09:05:45,3,3,0,æˆ‘ç”·ç¥žï¼ï¼ï¼è€å¸ˆå±…ç„¶èƒ½è®°ä½ç­ä¸Šå¤§å¤šæ•°äººçš„åå­—å‘œå‘œå¯è§è¿™ä¸ªè€å¸ˆæœ‰å¤šå¥½
130108,3527,é‚¹å®æ–Œ,2021-01-17 06:08:33,1,2,1,å°æµ‹å¤ªä¸¥æ ¼äº†ï¼Œå¯¼è‡´å¾—åˆ†æ¯”åˆ«çš„ç­ä½Žå¾ˆå¤š
131443,3527,é‚¹å®æ–Œ,2021-01-27 13:43:28,6,6,0,è€å¸ˆäººçœŸçš„å¾ˆä¸é”™   äº¦å¸ˆäº¦å‹çš„æ„Ÿè§‰\n\nè®²è¯¾è°ƒç†ä¹Ÿæ¸…æ™°  ä¸è¿‡è¯åŒ–è¿˜æ˜¯çœ‹è‡ªå·±èƒŒä¹¦èƒ½åŠ›å§
136337,3527,é‚¹å®æ–Œ,2021-06-16 11:35:49,1,2,1,ç‰¹åˆ«çš„å’Œè”¼å¯äº²ï¼Œå’Œæˆ‘è€ç†Ÿäº†ã€‚æˆ‘æ˜¯æœ€åŽä¸€å±Šè¯å‰‚ç­çš„ã€‚\n\nåœ¨è¯åŒ–å®žéªŒè¯¾ä¸Šï¼Œæˆ‘å› ä¸ºå¿˜è®°æ—‹è’¸æ€Žä¹ˆç”¨äº†ï¼Œå¿˜è®°å…³æ°”é˜€ï¼Œä»–çœ‹è§äº†æ²¡æœ‰æŒ‡è´£æˆ‘ï¼Œè€Œæ˜¯ç¬‘ç€å¼€çŽ©ç¬‘ä¼¼çš„å‘æˆ‘çš„ç»„å‘˜è¯´ï¼šä½ ä»¬çŸ¥é“***åˆšæ‰åšäº†ä»€ä¹ˆå˜›ï¼Ÿä»–æ—‹è’¸æ²¡å‡åŽ‹å“ˆå“ˆå“ˆå“ˆå“ˆå“ˆå“ˆã€‚***æ˜¯æˆ‘çš„åå­—ï¼Œå½“æ—¶æˆ‘å¾ˆéœ‡æƒŠè€å¸ˆå±…ç„¶çŸ¥é“æˆ‘æ˜¯è°ã€‚ä»–å’Œæˆ‘è¯´ï¼Œè™½ç„¶å¾ˆåŠªåŠ›åœ°åŽ»è®°ä½æ¯ä¸ªåŒå­¦çš„åå­—ï¼Œä½†æ˜¯ä¹Ÿä¸èƒ½å…¨è®°ä½ï¼Œåªèƒ½è®°ä½å¤§éƒ¨åˆ†ã€‚\n\næ„¿æ„åŽ»è®°å…¨ç­åŒå­¦çš„åå­—çš„è€å¸ˆå°±é€‰äº†å§~\n\nä¸è¿‡è¯åŒ–è¿™è¯¾è¿˜æ˜¯è¦çœ‹è‡ªå·±ï¼Œè€å¸ˆå¹³æ—¶åˆ†ç»™çš„å¾ˆå¥½ï¼ŒåŽæ¥è€ƒå®ŒåŽæˆ‘åŽ»æ‰¾è€å¸ˆï¼Œè€å¸ˆè¯´æœ€åŽå¹³æ—¶åˆ†éƒ½ç»™ä½ ä»¬æäº†æã€‚å› ä¸ºæˆ‘å’Œè€å¸ˆå¾ˆç†Ÿï¼Œæ‰€ä»¥è€å¸ˆæœ€åŽç»™æˆ‘çœ‹äº†å‡ ç§’å…¨ç­çš„æˆç»©ï¼ˆé‚£ä¸ªæ—¶å€™æˆç»©å·²ç»å…¨éƒ¨ä¸Šä¼ æ•™åŠ¡ç½‘äº†ï¼‰ï¼Œæˆ‘å¾ˆé«˜å…´æˆä¸ºå…¨ç­å”¯ä¸€ä¸€ä¸ª95ã€‚\n\nåœ¨æ­¤åå¯¹æŸæ¡è¯„è®ºè¯´è€å¸ˆå°æµ‹å¾ˆä¸¥ã€‚ä½†æ˜¯é¢˜ç›®æ˜¯æ‰€æœ‰è¯åŒ–è€å¸ˆä¸€èµ·å‡ºçš„ã€‚æˆ‘è§‰å¾—å°æµ‹çš„æµç¨‹å®Œå…¨æ²¡æœ‰é—®é¢˜ï¼Œå°±åº”è¯¥æ˜¯ä¸Šè¯¾å¼€å§‹å°±å°æµ‹ï¼Œå¦åˆ™ï¼Œå°æµ‹æ”¾åœ¨æœ€åŽçš„è¯ï¼Œè‚¯å®šä¼šåƒè€å¸ˆè¯´çš„ä¸€æ ·ï¼Œæ•´èŠ‚è¯¾éƒ½åœ¨å¤ä¹ è€Œä¸ä¼šå¬è¯¾ã€‚æœ‰é—®é¢˜çš„æ˜¯å…¶ä»–è¯åŒ–ç­çš„å°æµ‹æµç¨‹ï¼Œä»–ä»¬æ”¾åœ¨è¯¾éƒ½æœ€åŽï¼Œè¿™å°±å¯¼è‡´æˆ‘ä»¬ç­å…ˆè€ƒï¼Œå…¶ä»–ç­åŽè€ƒï¼Œæœ‰äº›äººå°±ä¼šæŠŠé¢˜ç›®æ³„éœ²ç»™å…¶ä»–ç­ï¼Œé€ æˆä¸å…¬å¹³ã€‚å†µä¸”åŽæ¥æˆ‘ä»¬ç­ä¹ŸæŠŠå°æµ‹æ”¾åˆ°è¯¾éƒ½æœ€åŽäº†ï¼Œè¿™ä¸€é—®é¢˜ä¹Ÿä¸å­˜åœ¨ã€‚è€Œä¸”å°æµ‹çš„æ—¶å€™å½“ç„¶ä¸èƒ½ç¿»ä¹¦ï¼Œè€å¸ˆå…¶å®žä¹Ÿæ²¡æœ‰æ€Žä¹ˆç®¡ï¼Œç¿»ä¸ç¿»ä¹¦å…¨é è‡ªå·±è‡ªè§‰å§ï¼Œæˆ‘æ˜¯ä»Žæ¥æ²¡æœ‰ç¿»è¿‡ä¹¦ï¼Œæ¯æ¬¡å°æµ‹ä¹‹å‰éƒ½è®¤è®¤çœŸçœŸæŠŠç»“æž„ã€ååº”ã€åˆæˆå…¨éƒ¨è®°äº†ä¸€éã€‚åæ­£æˆ‘è§‰å¾—ä½œå¼Šå¾—æ¥çš„åˆ†æ•°ä¹Ÿæ²¡ä»€ä¹ˆå¯è¦çš„ï¼Œè¦é—®å¿ƒæ— æ„§ã€‚
137947,3527,é‚¹å®æ–Œ,2021-07-06 22:20:24,3,3,0,â€”â€”æˆ‘çš„å¿ƒéƒ½æ˜¯å†°å†°çš„\n\nâ€”â€”ä¸ºä»€ä¹ˆä½ çš„å¿ƒéƒ½æ˜¯å†°å†°ï¼ˆæ–Œæ–Œï¼‰çš„å‘€ï¼Ÿ\n\nï¼ˆç¬‘ï¼‰
191187,3527,é‚¹å®æ–Œ,2024-04-11 03:32:07,1,1,0,éžå¸¸äº²åˆ‡ éžå¸¸æƒ³è®©æˆ‘ä»¬å­¦å¥½è¯åŒ–
208848,3527,é‚¹å®æ–Œ,2025-01-02 12:44:51,0,0,0,å¾ˆå¥½ï¼Œå®žéªŒè¯¾å’Œç†è®ºè¯¾éƒ½æ˜¯ä»–
218924,3527,é‚¹å®æ–Œ,2025-05-13 12:20:01,0,0,0,è€å¸ˆå¥½ï¼Œæˆ‘èœ
220303,3556,å‘¨æ…§,2025-06-17 08:00:02,0,0,0,è€å¸ˆä¸Šè¯¾è›®è®¤çœŸçš„
34436,3565,é¾šè¡Œæ¥š,2016-10-10 10:20:22,6,6,0,çœ‹ä»€ä¹ˆè¯„è®ºï¼Œä½œä¸šå†™å®Œäº†å—ï¼Ÿ
36250,3565,é¾šè¡Œæ¥š,2016-11-11 08:50:42,11,12,1,è€å¸ˆä¸‰è§‚è¶…æ­£ï¼Œæ˜¯é¡¾å®¶çˆ±å®¶åž‹ï¼Œç»å…¸è¯­å½•æ˜¯ å–„å¾…è€å©†å°±æ˜¯å–„å¾…è‡ªå·±ã€‚ä½œä¸šäº¤äº†å°±å¥½ï¼Œä¸æ¥é¢†ä½œä¸šæœ¬ä¹Ÿä¸è¿½ç©¶çš„ã€‚
47824,3565,é¾šè¡Œæ¥š,2017-02-26 01:24:20,0,0,0,è€å¸ˆé•¿å¾—ç‰¹åˆ«å¯çˆ±ï¼
62217,3565,é¾šè¡Œæ¥š,2017-11-23 07:52:26,0,1,1,è€è€â€¦è€å¸ˆå¾ˆå¯çˆ±ï¼Œç»™åˆ†è¶…è¶…è¶…çº§å¥½~
62236,3565,é¾šè¡Œæ¥š,2017-11-23 10:30:53,2,2,0,è€å¸ˆè¯¾è®²æŒºå¥½çš„ï¼Œå†…å®¹ä¹Ÿæ˜¯è›®ä¸°å¯Œã€‚ä½†æ˜¯è¯ç»ŸæœŸæœ«è€ƒä¹Ÿå¤ªå‘äº†ï¼Œå’ŒåŽ»å¹´ç›¸æ¯”éš¾åº¦æ ¹æœ¬ä¸ä¸€æ ·å•Šï¼Œè¿™ç§éš”ä¸€å¹´éš¾åº¦å·®è¿™ä¹ˆå¤§ä¹Ÿæœ‰ç‚¹è¿‡åˆ†äº†å§ï¼Œå¯¼è‡´ç»©ç‚¹æš´è·Œ
126868,3565,é¾šè¡Œæ¥š,2020-10-26 02:43:50,1,5,4,å–œæ¬¢è®²æ²¡ç”¨çš„ä¸œè¥¿
160024,3565,é¾šè¡Œæ¥š,2022-09-12 02:23:01,0,0,0,è°¢é‚€ï¼Œæ­£åœ¨ä¸Šè¯ç­’ï¼Œé¾šè€å¸ˆè¯´è®©æˆ‘ä»¬æŸ¥æŸ¥ä»–æŸ¥è€å¸ˆè¯„åˆ†æ˜¯å¤šå°‘
200075,3565,é¾šè¡Œæ¥š,2024-10-12 10:46:04,2,2,0,é‡è¦çš„ä¸ä»”ç»†è®²ï¼Œæ²¡ç”¨çš„æ‰¯åŠå¤©
200189,3565,é¾šè¡Œæ¥š,2024-10-14 16:50:58,1,2,1,æ²¡æœ‰å°æµ‹ï¼Œæ”¾å¿ƒæ—·è¯¾
203096,3565,é¾šè¡Œæ¥š,2024-11-16 17:39:07,2,2,0,è€å¸ˆè®²çš„å¥½ï¼Œä¸è¿‡è¯ç»Ÿä¹Ÿè¦è‡ªå·±å¥½å¥½çœ‹ä¹¦å¤ä¹ ï¼Œæ³¨é‡æ¦‚å¿µ
75447,3599,è¿žæ™“åª›,2018-03-12 03:20:11,-1,1,2,å‘æ— èŠæ— è¶£
119544,3599,è¿žæ™“åª›,2019-11-13 11:37:10,0,1,1,è¾£é¸¡çŽ©æ„å„¿
23192,3665,æŽä¸¹,2016-03-21 09:14:16,0,1,1,è€å¸ˆäººè¶…å¥½
25979,3665,æŽä¸¹,2016-06-14 17:06:36,0,0,0,å¾ˆèµžçš„è€å¸ˆï¼Œéžå¸¸å…³å¿ƒå­¦ç”Ÿ
28453,3665,æŽä¸¹,2016-06-28 09:04:37,3,3,0,è€å¸ˆå¯å¥½äº†ï¼Œä¸Šè¯¾éžå¸¸è€å¿ƒè®²è§£è¯¦ç»†
52095,3665,æŽä¸¹,2017-06-14 15:41:13,0,0,0,æŽä¸¹è€å¸ˆçœŸæ˜¯éžå¸¸æ¸©æŸ”éžå¸¸è€å¿ƒï¼Œå–œæ¬¢å¥¹çš„å®žéªŒè¯¾
85532,3665,æŽä¸¹,2018-07-19 03:40:18,0,0,0,è€å¸ˆå¹´è½»ï¼Œä¸Šè¯¾è®¤çœŸï¼Œå¾…äººæ¸©å’Œäº²åˆ‡ï¼Œç»™åˆ†ä¸é”™
152851,3665,æŽä¸¹,2022-04-20 15:45:33,0,0,0,å¥½æ¸©æŸ”çš„è€å¸ˆï¼Œçˆ±äº†çˆ±äº†ï¼Œè®²è¯¾è¶…çº§ç»†è‡´ï¼Œå£°éŸ³å¾ˆæ¸©æŸ”
175329,3665,æŽä¸¹,2023-06-24 02:19:18,0,0,0,æ€Žä¹ˆä¼šæœ‰è¿™ä¹ˆæ¸©æŸ”è¿™ä¹ˆæœ‰è€å¿ƒçš„è€å¸ˆï¼
85534,3704,ç”˜ç¤¼ç¤¾,2018-07-19 03:42:04,0,0,0,å®žéªŒè¯¾å†…å®¹å¤ªæ‚äº†ï¼Œä¸åˆç†ï¼Œç»™åˆ†èŽ«åä½Žã€‚
75772,3950,æŽæ–‡é¾™,2018-03-17 03:45:43,0,0,0,å¥½è€å¸ˆï¼Œå€¼å¾—ä¸€ä¸Š
136252,4015,æŽæ–¹å›­,2021-06-13 16:49:22,23,29,6,è€å¸ˆçœŸçš„å¤ªå¥½äº†\n\næ²¡ç”¨çš„äº‹æƒ…å¾ˆå¤š è¿˜æŠ¢å­¦ç”Ÿä¸€ä½œ\n\nçœŸçš„æ˜¯ä¸€æµçš„äººå“å“¦
157651,4015,æŽæ–¹å›­,2022-06-24 08:07:48,8,10,2,ä¸èƒ½è¯´æ˜¯æ…ˆçœ‰å–„ç›®ï¼Œåªèƒ½è¯´æ˜¯æžå…¶åˆ»è–„ã€‚ä¸è®²é“ç†åœ°gankä½ ï¼Œç„¶åŽè¯´ å•Šæˆ‘ä¸æ˜¯å¯ä»¥é’ˆå¯¹ä½ ä»¬å•Šï¼Œä¸Šæ¥å°±éª‚ä½ ä»¬ä¸å¤ªå¥½å•Šï¼Œè¯¾å ‚æ°›å›´å°±æ˜¯é¼“åŠ±é¹…é¢ˆå’Œé’ˆé”‹ç›¸å¯¹ã€‚å¤ªæ£’äº†ï¼Œç»å¯¹æ˜¯å¥½è€å¸ˆã€‚
151726,4220,è”¡åœ£,2022-03-14 02:01:51,4,5,1,åœ¨ä¸Šç”ŸåŒ–ï¼Œè€å¸ˆå¥½å¯çˆ±å“ˆå“ˆå“ˆå“ˆï¼Œæˆ‘éƒ½ä¸å›°äº†
172816,4220,è”¡åœ£,2023-05-08 01:24:43,1,1,0,è€å¸ˆçœŸå¯çˆ±å•Šå“ˆå“ˆå“ˆå“ˆå¥½å–œæ¬¢
197241,4220,è”¡åœ£,2024-07-09 18:02:39,0,0,0,è€å¸ˆæŒºå¯çˆ±çš„ï¼Œè™½ç„¶ä¸Šè¯¾ä¸€èˆ¬ï¼Œä½†æ˜¯æ„Ÿè§‰äººå¾ˆæœ‰è¶£ï¼Œå¯¹å¾…å­¦ç”Ÿä¹Ÿéžå¸¸æ¸©å’Œï¼Œä¹Ÿè®¸åšä»–çš„ç ”ç©¶ç”Ÿä¹Ÿä¸é”™hhhh
147737,4222,é™ˆæ–‡è…¾,2022-01-10 15:18:34,4,6,2,å¥½è€å¸ˆ  è®²è¯¾é€»è¾‘å¾ˆæ¸…æ¥š
164670,4222,é™ˆæ–‡è…¾,2022-12-23 02:31:20,-5,1,6,æœ‰ç‚¹æŠ½è±¡ï¼Œè€å¸ˆè¯´è¯å¸ƒç½®ä½œä¸šä¸æ˜¯å¾ˆæœ‰æ¡ç†
208846,4222,é™ˆæ–‡è…¾,2025-01-02 12:41:47,1,2,1,è€å¸ˆå¾ˆæ¸©å’Œï¼Œè®²è¯¾éžå¸¸æœ‰æ¡ç†ï¼Œé’‰é’‰æ¯æ¬¡éƒ½ç§’å›žçœŸçš„çˆ±äº†ðŸ˜ðŸ˜ðŸ˜
142884,4306,å´”å­™è‰¯,2021-11-17 05:30:59,4,10,6,ç¬¬ä¸€çœ¼çš„å°è±¡å°±æ˜¯è€å¸ˆä¸€æœ¬æ­£ç»ï¼Œçœ‹èµ·æ¥å¾ˆä¸¥è‚ƒï¼Œä½†æ˜¯ä¸Šè¯¾ä¹‹åŽä¼šå‘çŽ°è®²çš„è¿˜æ˜¯å¾ˆå¥½çš„ï¼Œè¯åŒ–é‡Œé¢ä¸€äº›å¾ˆå¤æ‚çš„æœºç†ä»–èƒ½è®²çš„é€šä¿—æ˜“æ‡‚ã€‚å®žéªŒè¯¾çš„æ—¶å€™æ‰å‘çŽ°è€å¸ˆå’Œè”¼å¯äº²ï¼Œå¼ºæŽ¨ï¼
182043,4306,å´”å­™è‰¯,2023-11-09 02:29:43,2,2,0,å®žéªŒæŠ¥å‘Šç»™åˆ†ä½Žçš„ç¦»è°±
75830,4309,å‘¨å±•,2018-03-19 10:32:21,6,7,1,å¦¥å¦¥çš„å¸…å“¥è€å¸ˆï¼ŒèŠ±ç—´é£˜è¿‡
80031,4309,å‘¨å±•,2018-06-19 05:41:44,2,3,1,è€å¸ˆåƒå¤§å“¥å“¥ä¸€æ ·ï¼Œå¾ˆè€å¿ƒï¼
85531,4309,å‘¨å±•,2018-07-19 03:39:03,-1,0,1,è€å¸ˆå¾ˆå¯çˆ±ï¼Œå¯¹å­¦ç”Ÿå¾ˆçƒ­å¿ƒï¼Œä¸Šè¯¾ä¹Ÿå¾ˆè®¤çœŸï¼Œè®²å¾—ä¹Ÿæ¸…æ™°ã€‚ç»™åˆ†ä¹ŸæŒºå¥½çš„
89168,4309,å‘¨å±•,2018-11-16 07:41:19,-1,0,1,è€å¸ˆè¿˜æ˜¯å¾ˆå¯çˆ±çš„
89170,4309,å‘¨å±•,2018-11-16 09:55:36,15,21,6,éžå¸¸å¥½çš„è€å¸ˆï¼Œå¾ˆå¹´è½»å¾ˆæœ‰äº²å’ŒåŠ›ï¼å¼ºæŽ¨ç”Ÿç‰©æŠ€æœ¯è¯ç‰©ï¼Œæµ“ç¼©äº†å„ä¸ªè¯å­¦ç›¸å…³é¢†åŸŸæœ€å‰æ²¿çš„åŠ¨æ€ï¼Œpptä¸Šçš„å†…å®¹å¾ˆå¤šè¿žæ•™æä¸Šéƒ½è¿˜æ²¡æœ‰ï¼Œè®¤çœŸå­¦çœŸçš„èƒ½æ”¶èŽ·å¾ˆå¤šï¼
89190,4309,å‘¨å±•,2018-11-16 12:01:30,1,2,1,è€å¸ˆä¹Ÿå¤ªå¥½äº†å§
112627,4309,å‘¨å±•,2019-07-04 23:05:33,0,1,1,è€å¸ˆçœŸçš„æŒºå¸… ä¹Ÿå¾ˆæ¸©æŸ”
119758,4309,å‘¨å±•,2019-11-15 10:46:06,-1,2,3,ä¸€èˆ¬èˆ¬
125420,4309,å‘¨å±•,2020-09-08 10:55:52,0,2,2,å‡ºåˆ†å¾ˆå¿«
147265,4309,å‘¨å±•,2022-01-09 10:22:24,6,7,1,ä¸Šè¿‡æœµæœµåå¤§çš„ç”·äºº
176513,4309,å‘¨å±•,2023-06-29 07:12:35,1,3,2,æ¯èŠ‚è¯¾éƒ½ä¼šæ•°å­—/é›·è¾¾ç‚¹åï¼Œæ¯æ¬¡ä½œä¸š/å°æµ‹æˆªæ­¢å‰éƒ½ä¼šåå¤æé†’å¤§å®¶æ³¨æ„æ—¶é—´ï¼Œç”šè‡³æœŸæœ«å‘¨çš„æ—¶å€™è¿˜å¤šå¼€æ”¾äº†å¥½å‡ å¤©ã€‚bdbd ï¼Œè€å¸ˆäººå¾ˆå¥½ï¼Œä½œä¸šå°‘ã€‚ ã€‚ ã€‚è¡¥å¤©çº¯ç²¹æ˜¯è¿™ä¹ˆè¯¾å†…å®¹å¤ªå¤šå¤ªæ‚
178930,4309,å‘¨å±•,2023-08-02 04:54:55,2,2,0,å¾ˆå’Œå–„çš„è€å¸ˆï¼Œç»™åˆ†ç›¸å½“å¥½ï¼Œè§£ç­”é—®é¢˜ä¹Ÿå¾ˆåŠæ—¶è€å¿ƒï¼Œå°±æ˜¯ä¸Šè¯¾æœ‰ç‚¹å‚¬çœ ...ä¸€å®šæ˜¯æ—©å…«å’Œä¸‹åˆç¬¬ä¸€èŠ‚è¯¾çš„é—®é¢˜
190745,4309,å‘¨å±•,2024-03-17 06:47:25,3,4,1,å„’å£«ã€å„’å¸ˆï¼
198216,4309,å‘¨å±•,2024-09-05 07:25:20,4,5,1,åªèƒ½è¯´ï¼Œä½œä¸ºæœ€å—æ¬¢è¿Žçš„è€å¸ˆä¸æ˜¯æ²¡æœ‰ç†ç”±çš„
218926,4309,å‘¨å±•,2025-05-13 12:21:38,-1,0,1,ç‰¹åˆ«å¥½çš„è€å¸ˆ
91622,4395,çŽ‹èŠ³,2018-12-16 12:27:31,1,2,1,20:05ä¸‹è¯¾çš„è¯¾ æ‹–åˆ°20:30è¿˜æ²¡åœâ€¦
108259,4395,çŽ‹èŠ³,2019-05-18 04:36:49,1,1,0,æ‹–è¯¾ï¼Œçœ‹åˆ°è¿Ÿåˆ°çš„æ¯›ç—…å¤š
121196,4395,çŽ‹èŠ³,2019-12-31 01:34:02,0,1,1,çŸ¥å¿ƒå¤§å§å§ï¼Œä¸æŽ¥å—åé©³(â€¢Ì€âŒ„â€¢Ì)
123135,4396,é™ˆå»ºå¿ ,2020-05-12 00:34:51,4,5,1,æ‰“1åˆ†æ˜¯å› ä¸ºæ²¡æœ‰0åˆ†
123501,4396,é™ˆå»ºå¿ ,2020-06-09 07:41:36,2,3,1,ä¸å¤ªè¡Œå•Šä¸å¤ªè¡Œ
124388,4396,é™ˆå»ºå¿ ,2020-06-30 04:09:25,3,3,0,å·å­å¤ªéš¾
124628,4396,é™ˆå»ºå¿ ,2020-07-04 06:53:20,0,1,1,å‘µå‘µå‘µâ€¦
126573,4396,é™ˆå»ºå¿ ,2020-10-02 05:34:28,1,3,2,è„‘æ®‹è€å¸ˆ
136861,4396,é™ˆå»ºå¿ ,2021-06-26 08:15:33,7,8,1,æ•™æ³¢è°±çš„ä¸¤ä¸ªè€å¸ˆï¼Œä¸€ä¸ªåªè®²è¯¾ä¸è®²é¢˜ï¼ˆä¸ä¼šåšé¢˜ï¼‰ï¼Œä¸€ä¸ªè®²é¢˜ä½†è¯¾è®²çš„å°‘ï¼ˆè¦è‡ªå­¦ï¼‰ï¼Œä½†éƒ½æœ‰ä¸€ä¸ªå…±åŒç‰¹ç‚¹:è®²ä¸å®Œï¼Œæ³¢è°±ä¸¤å­¦åˆ†æ”¾åœ¨ä¸€ä¸ªå¤çŸ­å­¦æœŸçš„è¡Œä¸ºï¼Œå·²ç»æ— åŠ›åæ§½äº†ã€‚
142103,4396,é™ˆå»ºå¿ ,2021-11-06 03:24:18,5,7,2,è¿™ä¸ªè¯„åˆ†æˆ‘å…¶å®žä¸å¤ªç†è§£ï¼Œé™ˆè€å¸ˆä¸Šè¯¾æ¡ç†æ˜¯å¾ˆæ¸…æ™°çš„ï¼Œä¼šèŠ±æ¯”è¾ƒå¤šæ—¶é—´è®²é¢˜ï¼Œè¿™æ˜¯ä½œä¸šå›žé¡¾å†å­¦ä¹ æ•´ç†çš„å¥½æœºä¼šï¼Œç‰¹åˆ«æ˜¯æœ‰æ™ºäº‘è¯¾å ‚å¯ä»¥å›žæ”¾å†çœ‹ã€‚ä¸€å®šè¦æ³¨æ„åŠæ—¶æ¢³ç†æ¯èŠ‚è¯¾çš„æ¡†æž¶ï¼åšé¢˜çš„ç»ƒä¹ ä¹Ÿå¿…ä¸å¯å°‘å—·ï¼è®¤çœŸå­¦ç»™åˆ†è¿˜æ˜¯ä¸é”™çš„\n\nè€å¸ˆå¾ˆé£Žè¶£è®¤çœŸä¹Ÿä¼šå› ä¸ºä¸å¥½çš„å­¦ä¹ æ€åº¦ç€æ€¥æ— å¥ˆã€‚è¯¾ä¸Šä¼šæ˜Žç¡®å­¦ä¹ å’Œè€ƒæ ¸çš„é‡ç‚¹ã€‚ä¸çŸ¥é“ä¸ºä»€ä¹ˆæœ‰æ°”è´¨å’Œwjfçš„æµ·æ¶›çˆ·çˆ·æœ‰ç‚¹åƒçš„é”™è§‰ï¼ˆÃ—ï¼‰
153839,4396,é™ˆå»ºå¿ ,2022-05-13 01:30:43,6,8,2,è¿˜æŒºè®¨åŽŒè¿™ä¸ªè€å¸ˆçš„ï¼Œå› ä¸ºç³»ç»ŸåŽŸå› æ²¡æœ‰ç­¾ä¸Šåˆ°ï¼Œä»–ä¼šä¸€ç‚¹éƒ½ä¸ä¿¡ä»»å­¦ç”Ÿï¼ŒåšæŒå½“åšè¿Ÿåˆ°å¤„ç†ã€‚çš„ç¡®ä¼šåˆ†æžä½œä¸šï¼Œä½†æ˜¯ä¸ç®¡æ˜¯ä½œä¸šåˆ†æžè¿˜æ˜¯ä¸Šè¯¾çš„å†…å®¹éƒ½è®²å¾—è°ƒç†å¹¶ä¸æ¸…æ™°ã€‚ç¬¬ä¸€æ¬¡å¯¹ä¸€ä¸ªè€å¸ˆæœ‰å¾ˆå¤§çš„åŽŒæ¶ï¼Œä»–çš„ä¸¥è‹›ç”¨é”™åœ°æ–¹äº†ã€‚
181022,4396,é™ˆå»ºå¿ ,2023-10-03 13:44:09,0,0,0,ç»™ä¸ª8åˆ†å§ï¼Œè®²é¢˜å¾ˆå¤šæ—¶å€™ä¸æ˜¯å¾ˆæ¸…æ¥šï¼Œè¯¾ä¸Šçš„è¿˜å¯ä»¥ï¼Œè€å¸ˆäººè¿˜æ˜¯ä¸é”™çš„ï¼Œæ”¾å¿ƒé€‰
191972,4396,é™ˆå»ºå¿ ,2024-05-08 14:56:51,1,1,0,è¯¾ä¸Šçš„è¿˜å‡‘åˆ\n\nç‚¹åæœ‰æ¯’ï¼Œä¸Šè¯¾é“ƒå“äº†ç‚¹åå°±æˆªæ­¢ï¼Œè€Œä¸”æ—¶é—´é—´éš”æžçŸ­ï¼Œç¨æœ‰ä¸æ…Žç½‘å¡æˆ–è€…æ™šä¸€ç‚¹æ¥ï¼Œå°±èµ¶ä¸ä¸Šä»–çš„ç­¾åˆ°ï¼Œæˆ‘ä¸€æ¬¡ç½‘å¡ï¼Œä¸€æ¬¡å¡ç‚¹ï¼Œç»“æžœå…¨éƒ½ç­¾åˆ°å¤±è´¥\n\näº‹å®žè¯æ˜Žè¡¥ç­¾çº¸æ˜¯æœ‰ç”¨çš„ï¼Œèƒ½è®©ä»–æ”¹ç­¾åˆ°çŠ¶æ€ï¼Œå¸Œæœ›ä»–æŠŠç­¾åˆ°æ—¶é—´é€‚å½“å»¶é•¿ä¸€äº›å§ï¼ˆæˆ‘æŽ¥è§¦è¿‡çš„å¾ˆå¤šç‚¹åçš„è€å¸ˆéƒ½æ˜¯åœ¨å¼€å§‹ä¸Šè¯¾åŽè¿˜ä¿ç•™å‡ åˆ†é’Ÿçš„ç‚¹åæ—¶é•¿çš„ï¼‰\n\nè¯¾ç¨‹ç»„ç»™çš„PPTä¹Ÿç¦»è°±ï¼Œè™½ç„¶è¿™è¯¾æ˜¯ç¬¬ä¸€æ¬¡å¼€ï¼Œä½†æ˜¯PPTä¹Ÿä¸è‡³äºŽè¿™ä¹ˆé”™ä¸ƒé”™å…«å§
192663,4396,é™ˆå»ºå¿ ,2024-05-27 09:15:21,3,3,0,èƒ½æŒ‰ç…§æ•™ææ¡ç†æ¸…æ™°åœ°è®²è¯¾ï¼Œå¯¹å¾…å­¦ç”Ÿæé—®æ€åº¦è®¤çœŸè€å¿ƒå›žç­”ï¼Œè™½ç„¶è¯¾ç¨‹å†…å®¹æ¯”è¾ƒå¤šï¼Œä½†æ˜¯è¿˜æ˜¯èƒ½å­¦åˆ°å¾ˆå¤šä¸œè¥¿çš„ï¼Œå¯¹æ¯”æŒ‰ç…§è‡ªå·±èŠ‚å¥ã€æ— ç³»ç»Ÿæ•™æã€pptä¸‘çš„è¦æ­»çš„è€å¸ˆã€‚èƒ½æŒ‰ç…§èŠ‚å¥å­¦åˆ°ä¸œè¥¿ã€è‡ªå·±èŠ±æ—¶é—´èƒ½è¡¥ä¸Šè¿˜ä¸çŸ¥è¶³ï¼Ÿæ²¡ä¸Šè¿‡çƒ‚è¯¾ï¼Ÿ
197419,4396,é™ˆå»ºå¿ ,2024-07-14 03:47:00,1,1,0,è€å¸ˆäººå…¶å®žå¾ˆå¥½ï¼Œè™½ç„¶ä¼šç‚¹åä½†æ˜¯ä¹Ÿä¼šç»™è¡¥ç­¾çš„æœºä¼šï¼ˆä¸€åˆ†é’Ÿç‚¹åå¾ˆå¤šä¸“ä¸šè¯¾è€å¸ˆéƒ½è¿™ä¹ˆå¹²ï¼Œè§æ€ªä¸æ€ªäº†â€¦â€¦ï¼‰ã€‚è™½ç„¶æœ‰è®²çš„ä¸å¤ªæ¸…æ¥šçš„åœ°æ–¹ï¼Œä½†æ˜¯ä¹Ÿä¼šé—®åŒå­¦è¿˜æœ‰æ²¡æœ‰é—®é¢˜ï¼Œæ€»ä½“æ¥çœ‹è¿˜æ˜¯æ¯”è¾ƒå…³å¿ƒå­¦ç”Ÿçš„å­¦ä¹ æ°´å¹³çš„ã€‚æ–°è¯¾çš„PPTè¯¾ç¨‹ç»„åŸºæœ¬ä¸€è‡´ï¼Œæ²¡ä»€ä¹ˆå¯ç‚¹è¯„çš„ï¼Œæˆ‘å¬åˆ«çš„è€å¸ˆçš„æ™ºäº‘åŒæ ·æœ‰è®²ä¸æ¸…æ¥šçš„åœ°æ–¹ï¼Œæ‰€ä»¥æˆ‘è®¤ä¸ºåœ¨æ³¢è°±è¿™é—¨è¯¾ç¨‹ä¸Šé€‰æ‹©é™ˆè€å¸ˆæ²¡ä»€ä¹ˆé—®é¢˜ã€‚
197643,4396,é™ˆå»ºå¿ ,2024-07-23 12:06:01,1,1,0,å¤‡è¯¾å¾ˆè®¤çœŸï¼Œç»™åˆ†ä¹Ÿä¸å·®ï¼Œè¯¾å ‚äº’åŠ¨æœ‰æ•ˆï¼Œå¯ä»¥æ”¾å¿ƒé€‰
134258,4783,æ¨æŒ¯ä¸­,2021-03-21 15:53:21,-3,3,6,è¿™å®žéªŒæŠ¥å‘Šã€‚ã€‚ã€‚ã€‚ã€‚ã€‚ã€‚ã€‚ã€‚ã€‚ã€‚ã€‚ä¸æƒ³åæ§½äº†ï¼ŒçœŸçš„éº»çƒ¦ï¼Œç”»å›¾æ˜¯çœŸçš„æ— è¯­
135146,4783,æ¨æŒ¯ä¸­,2021-05-03 13:49:48,-2,1,3,æ²¡å¬è¿‡è¯¾ï¼Œå¾ˆæƒ­æ„§ï¼Œä½†å®žéªŒè¯¾çš„è€å¸ˆéƒ½å¾ˆniceï¼Œæ˜¯æˆ‘è‡ªå·±å¤ªfwäº†ã€‚
152673,4783,æ¨æŒ¯ä¸­,2022-04-18 04:19:26,0,2,2,è€å¸ˆå¤ªæ¸©æŸ”äº†ï¼Œè€ƒå¾—ä¸å¥½æ˜¯æˆ‘çš„é—®é¢˜
172168,4783,æ¨æŒ¯ä¸­,2023-04-21 04:57:58,-1,2,3,æ¸©æ–‡å„’é›…è¿™ä¸ªè¯å¤©ç”Ÿå°±æ˜¯ç”¨æ¥å½¢å®¹æ¨è€å¸ˆçš„ã€‚è€å¸ˆç‰¹åˆ«å¥½ï¼Œè§£ç­”é—®é¢˜ä¹Ÿå¾ˆè€å¿ƒã€‚
173081,4783,æ¨æŒ¯ä¸­,2023-05-12 15:27:08,-1,2,3,å¥½æ¸©å’Œçš„è€å¸ˆï¼Œå®žéªŒè¯¾ä¹Ÿå¾ˆè€å¿ƒï¼Œæ„Ÿè§‰æ°¸è¿œä¸ä¼šç”Ÿæ°”ï¼ˆ
191377,4783,æ¨æŒ¯ä¸­,2024-04-19 02:04:06,-2,0,2,æ¸©æ–‡å°”é›…
193325,4783,æ¨æŒ¯ä¸­,2024-06-06 10:10:35,-2,0,2,è€å¸ˆå¤ªæ¸©æŸ”äº†å§ï¼ï¼ï¼ï¼ç‹ ç‹ çˆ±ä¸Šäº†
145844,4792,é‚µæ¬£,2022-01-03 08:25:06,2,2,0,å¾ˆå¥½çš„è€å¸ˆ\n\næˆ‘çš„å¿ƒä¸­åªæœ‰æ„Ÿæ©
80222,4879,é’±æ™¯,2018-06-22 02:38:16,3,4,1,è€å¸ˆå¾ˆæ¸©æŸ”ï¼ŒåŒ»å­¦æ¦‚è®ºæ”¶èŽ·å¾ˆå¤§ï½ž
124035,4879,é’±æ™¯,2020-06-21 12:25:35,0,2,2,ä»ŽçŽ°ä»£åŒ»å­¦æ¦‚è®ºè¿‡æ¥çš„  è€å¸ˆäººçœŸçš„å¥½å¥½ åŒ»å­¦çŸ¥è¯†è®²çš„ä¹Ÿå¾ˆæ¸…æ¥š \n\nå¯æƒœè¿™å­¦æœŸæ²¡æ³•çº¿ä¸‹ä¸Šè¯¾ æœŸå¾…ä¸‹ä¸ªå­¦æœŸçš„åŒ»è¯ç»Ÿè®¡å­¦å’Œè€å¸ˆç›¸è§~
199821,4879,é’±æ™¯,2024-09-30 09:04:44,1,1,0,è€å¸ˆäººå¾ˆæ¸©æŸ”ï¼Œè¶…çº§å¥½
140198,5195,ä¾¯å»·å†›,2021-09-04 12:06:34,12,13,1,éžå¸¸å¥½çš„è€å¸ˆï¼å­¦è¯†æ¸Šåšï¼Œå¼ºæŽ¨ï¼
175433,5195,ä¾¯å»·å†›,2023-06-25 01:39:11,7,8,1,ä¸‰æ¬¡ä¸ŠæœºæŠ¥å‘Šå’Œä¸€ç¯‡è®ºæ–‡ï¼Œä¸ŠæœºåŸºæœ¬ç…§ç€æµç¨‹æ¥å°±è¡Œï¼Œè€å¸ˆå¾ˆæœ‰æ°´å¹³ï¼Œäººä¹Ÿå¥½ï¼ŒæŽ¨æŽ¨æŽ¨æŽ¨æŽ¨æŽ¨æŽ¨
135524,5235,æœ±å³°,2021-05-12 11:15:54,1,9,8,æœ±è€å¸ˆæ— è®ºæ˜¯æœ¬ç§‘ç”Ÿè¯¾ç¨‹è¿˜æ˜¯ç ”ç©¶ç”Ÿè¯¾ç¨‹éƒ½ä¸Šçš„å¾ˆå¥½ï¼Œå¤‡è¯¾å¾ˆç”¨å¿ƒï¼Œå¤æ‚çš„æ¦‚å¿µå’Œç†è®ºä¹Ÿèƒ½è®²çš„é€šä¿—æ˜“æ‡‚
155209,5235,æœ±å³°,2022-06-09 10:02:59,1,5,4,æœ±è€å¸ˆç¡®å®žå¤‡è¯¾ã€è®²è¯¾çœ‹å¾—å‡ºæ¥å¾ˆç”¨å¿ƒï¼Œå¯ä»¥æŠŠé€šä¿—çš„é“ç†è®²çš„æµ…æ˜¾æ˜“æ‡‚ï¼ˆå¥½åƒä¸€ä¸ªæ·±å…¥æµ…å‡ºå°±å¯ä»¥æ¦‚æ‹¬å•¦å“ˆå“ˆå“ˆï¼‰
155321,5235,æœ±å³°,2022-06-10 18:36:35,1,5,4,è®²çš„ä¸é”™ï¼Œå­¦åˆ°äº†å¾ˆå¤šï¼ŒåŠ©æ•™ä¹Ÿå¾ˆç”¨å¿ƒ
127014,5375,å¼ æµ·æ¶›,2020-11-02 19:06:08,-2,4,6,è€å¸ˆå¾ˆæœ‰æ°”è´¨ï¼
128339,5375,å¼ æµ·æ¶›,2020-12-19 15:20:15,-4,2,6,Good.
135925,5375,å¼ æµ·æ¶›,2021-06-03 12:11:42,-2,2,4,å­¦æœ¯èƒ½åŠ›å¼º
205663,5375,å¼ æµ·æ¶›,2024-12-11 03:18:31,1,6,5,ç»“æž„ç”Ÿç‰©å­¦ä¸ŽçŽ°ä»£è¯å­¦ç ”ç©¶ï¼š\n\nå¯æ°´å¯ä¸æ°´è¯¾ï¼Œä¸Šè¯¾é’‰é’‰ç­¾åˆ°ï¼ˆä½†æ˜¯äººåŽ»çš„å°‘å¯èƒ½ä¼šå˜æˆç§å‘æ¶ˆæ¯ï¼‰å æ¯”40%ï¼Œç¿»è¯‘ä¸€ç¯‡ç»“æž„ç”Ÿç‰©å­¦çš„CNSå æ¯”60%ï¼Œæ„Ÿè§‰è¿˜æ˜¯æ¯”è¾ƒé€‚åˆè·¨ä¸“ä¸šçš„ï¼ˆå°±æ˜¯å¬è¯¾çš„äººæ¯”è¾ƒå°‘ï¼Œæœ‰ç‚¹å¿ƒç–¼è€å¸ˆï¼‰
208925,5375,å¼ æµ·æ¶›,2025-01-03 11:58:09,9,9,0,ç»“æž„ç”Ÿç‰©å­¦ï¼Œè¯¾ç¨‹ä»»åŠ¡ç¡®å®žå¾ˆå°‘ï¼Œæ¯èŠ‚è¯¾éƒ½ç­¾åˆ°ï¼Œä¸ªäººæœ‰ä¸€æ¬¡æ²¡ç­¾ä¸Šï¼Œä½†æ˜¯æœ€ç»ˆ3.3ï¼Œå–œææœ€ä½Žç»©ç‚¹ï¼Œå¯èƒ½æ–‡çŒ®ç»¼è¿°å†™çš„ä¸å¥½ï¼Œæ²¡æœ‰å¹³å‡ç»©ç‚¹é‚£ä¹ˆé«˜ï¼Œæ³¨é‡ç»©ç‚¹çš„æ…Žé€‰
208962,5375,å¼ æµ·æ¶›,2025-01-03 15:26:21,8,8,0,ç»™åˆ†ä½Ž
208982,5375,å¼ æµ·æ¶›,2025-01-04 05:11:52,8,8,0,ç»™åˆ†æ²¡æœ‰æ˜¾ç¤ºçš„ç»©ç‚¹å¥½
209125,5375,å¼ æµ·æ¶›,2025-01-04 14:48:09,7,7,0,ç»©ç‚¹ä¸€èˆ¬
209419,5375,å¼ æµ·æ¶›,2025-01-06 02:33:08,6,6,0,æ¯èŠ‚è¯¾ç‚¹å
192968,5765,å¹³æ¸Š,2024-06-01 09:41:04,9,11,2,ç»™åˆ†ä¸é”™ï¼Œä¸€ç¯‡è®ºæ–‡+ä¸€æ¬¡å±•ç¤ºï¼Œäº‹æƒ…æ¯”è¾ƒå¤šï¼Œä½†æ˜¯ä¸Šè¯¾å¯ä»¥æ‘¸é±¼
199480,5765,å¹³æ¸Š,2024-09-24 11:03:27,1,1,0,äººè¶…å¥½ï¼Œå¾ˆè´Ÿè´£ï¼Œä¼šç‚¹åï¼Œè¯¾å¾ˆæœ‰æ„æ€ä½†ä¸ä½œè¦æ±‚ï¼Œä¸»è¦åŸ¹å…»å…¶ä»–è¯¾å¤–èƒ½åŠ›ä½†æ²¡åŽ‹åŠ›ï¼Œæƒ³æå‡è‡ªå·±çš„å¿«å¿«æŠ¥
213707,5765,å¹³æ¸Š,2025-01-19 08:29:23,1,1,0,(âŠ™ï¹âŠ™)åªèƒ½è¯´è¿˜å¥½\n\nè€å¸ˆä¸Šè¯¾äº‹æŒºå°‘çš„ï¼Œ1æ¬¡è®ºæ–‡1æ¬¡ä¸ªäººæ±‡æŠ¥ï¼Œæœ€åŽç»©ç‚¹åªèƒ½è¯´ä¸€èˆ¬èˆ¬â€¦â€¦
220297,5765,å¹³æ¸Š,2025-06-17 07:48:24,1,1,0,ç ”å‘å‰æ²¿ï¼Œå‡ ä¸ªæ–¹å‘è€å¸ˆè½®ç•ªä¸Šè¯¾è®²çš„åŸºæœ¬æ˜¯è‡ªå·±è¯¾é¢˜ç»„çš„ä¸œè¥¿ï¼Œå¥”ç€æ‹“å±•å‰æ²¿çŸ¥è¯†å¬çš„ï¼Œæ„Ÿè§‰å¥½å¤šå¹³æ—¶ä¸“ä¸šè¯¾ä¸Šå°±åå¤è¯´åå¤è¯´çš„ä¸œè¥¿ï¼Œæ”¶èŽ·æ²¡æœ‰å¾ˆå¤§æï¼›ï¼›è€ƒæ ¸æ˜¯ä¸€ç¯‡æœŸæœ«è®ºæ–‡ï¼Œä¸»é¢˜è¦æ±‚å¾ˆå®½æ³›æ‰€ä»¥ä¹Ÿä¸çŸ¥é“è€å¸ˆæ‰“åˆ†çš„æ–¹å‘å“ˆå“ˆï¼Œä½†æ˜¯æ ¼å¼è¦æ±‚åˆå¾ˆå¤šèŠ±äº†å¾ˆé•¿æ—¶é—´ï¼Œæ„Ÿè§‰ç»™åˆ†çƒ‚çƒ‚çš„
135896,6043,åº”æ™“è‹±,2021-06-01 16:55:00,1,1,0,å½¢å¼ä¸»ä¹‰å¤©çŽ‹ï¼Œæ‹ç…§æ„ä¹‰ä½•åœ¨å‘¢
192246,6043,åº”æ™“è‹±,2024-05-13 02:32:22,1,1,0,åˆ«æ¥ï¼Œå¿«è·‘
193952,6043,åº”æ™“è‹±,2024-06-21 04:44:35,2,2,0,è¯å‰‚å®žéªŒæŠ¥å‘ŠæŠ„çš„å¿«æ­»äº†ï¼Œæ¯æ¬¡8-9é¡µï¼Œè¿˜è¦è®©ä½ åˆ«ç…§ç€pptæŠ„ï¼Œæé—®é¢˜æ˜¯æä¸€å †çš„ï¼Œç»™åˆ†æ˜¯ä¸é€æ˜Žçš„ã€‚å®žéªŒè€ƒæ ¸åšä¹³å‰‚ï¼Œåšä¸å‡ºæ¥æ€»è¯„å°±éš¾çœ‹ï¼Œç»™åˆ†æ˜¯è¿™ä¸ªðŸ‘ŽðŸ»
191284,6079,å¼ æ·»æº,2024-04-16 15:27:39,0,0,0,è®²è¯¾æŒºæ¸…æ¥šçš„
126633,6248,åº·çŽ‰,2020-10-09 15:31:44,10,11,1,è€å¸ˆå¤ªå¥½å¤ªæ¸©æŸ”äº†ï¼Œç»™åˆ†ä¹Ÿå¾ˆé«˜ï¼Œå¾ˆå¥½çš„è€å¸ˆ
140609,6248,åº·çŽ‰,2021-09-14 09:18:28,1,1,0,å¤ªå–œæ¬¢äº†åˆå¥½çœ‹åˆæ¸©æŸ”
159810,6248,åº·çŽ‰,2022-09-01 11:53:37,1,1,0,å¤ªå¥½äº†å§
200795,6248,åº·çŽ‰,2024-10-22 12:08:07,1,1,0,äººç¾Žå¿ƒå–„
220214,6248,åº·çŽ‰,2025-06-16 10:32:08,1,1,0,æˆ‘çš„ç¥žä»™è€å¸ˆ~
173567,6317,æ›¹æˆŸ,2023-05-29 06:02:29,13,14,1,è€å¸ˆè®²è¯¾å¤ªå¥½äº†ï¼Œå¥½ä¹…æ²¡åœ¨å¤§å­¦ç¢°åˆ°ä¸Šè¯¾è¿™ä¹ˆå¼•äººå…¥èƒœçš„è€å¸ˆ
177352,6317,æ›¹æˆŸ,2023-07-03 03:43:27,3,4,1,å¥½è€å¸ˆï¼Œè®²è¯¾å¾ˆæœ‰è¶£
209024,6317,æ›¹æˆŸ,2025-01-04 08:40:57,0,0,0,æ›¹è€æ¿å¥½æ£’
140436,6690,æ½˜åˆ©å¼º,2021-09-11 11:21:50,0,3,3,çŽ©æ¢—è¶…å¥½çŽ©
181244,6690,æ½˜åˆ©å¼º,2023-10-12 05:02:34,0,2,2,é›•äººä¸€ä¸ª
128198,7991,é¡¾è‡»,2020-12-12 05:14:51,-1,6,7,39å²å…¨èŒåŠ ç›Ÿæµ™å¤§ï¼ä»–è¦è®©åŒ»è¯åˆ›æ–°æ›´å¿«â€œæµ®å‡ºçº¸é¢â€\n\nhttps://mp.weixin.qq.com/s/emp183wQ0-M3k37yvuNl9g\n\nç²˜è´´ä¸€æžšç¡¬å¸å¤§å°çš„è´´ç‰‡ï¼Œä¸ä»…å¯ä»¥è½»æ¾å®Œæˆèƒ°å²›ç´ çš„æ³¨å…¥ï¼Œè¿˜å¯ä»¥æœ‰æ•ˆæŽ§åˆ¶å‰‚é‡ï¼Œä¸€ä¸¾å¤šå¾—ã€‚è¿™å¥—ç”±æµ™æ±Ÿå¤§å­¦è¯å­¦é™¢é™¢é•¿é¡¾è‡»æ•™æŽˆå›¢é˜Ÿç ”åˆ¶çš„é€çš®æ™ºèƒ½èƒ°å²›ç´ é€’è¯ç³»ç»Ÿï¼Œç›®å‰æ­£åœ¨æŠ¥æ‰¹ä¸´åºŠè¯•éªŒï¼Œæœªæ¥æžå¤§å¯èƒ½é¢ è¦†ç³–å°¿ç—…çš„ä¼ ç»Ÿæ²»ç–—ã€‚
128382,7991,é¡¾è‡»,2020-12-22 02:48:15,-6,6,12,2020å¹´9æœˆ24æ—¥ï¼Œåœ¨æµ™æ±Ÿå¤§å­¦ç´«é‡‘æ¸¯æ ¡åŒºä¸¾è¡Œçš„â€œæµ™å¤§æ¬¢è¿Žæ‚¨â€ä»ªå¼ä¸Šï¼Œè¯ç‰©åˆ¶å‰‚åŠç”Ÿç‰©ææ–™é¢†åŸŸçš„å›½é™…çŸ¥åå­¦è€…ã€39å²çš„ç¾Žå›½åŠ å·žå¤§å­¦æ´›æ‰çŸ¶åˆ†æ ¡æ•™æŽˆé¡¾è‡»å…¨èŒåŠ ç›Ÿæµ™æ±Ÿå¤§å­¦ï¼Œå—è˜ä¸ºè¯å­¦é™¢é™¢é•¿ã€‚è¿™ä¹Ÿæ ‡å¿—ç€æµ™æ±Ÿå¤§å­¦åœ¨å“è¶Šé’å¹´äººæ‰çš„å¼•è‚²ä¸Šå–å¾—æ–°çªç ´ã€‚\n\næµ™å¤§å…šå§”å‰¯ä¹¦è®°ã€å‰¯æ ¡é•¿å¼ å®å»ºå‡ºå¸­ä»ªå¼æ—¶è¡¨ç¤ºï¼Œå­¦æ ¡åŽ†æ¥é«˜åº¦é‡è§†äººæ‰é˜Ÿä¼å»ºè®¾ï¼Œç§¯æžåˆ›é€ è‰¯å¥½çš„äººæ‰ç”Ÿæ€çŽ¯å¢ƒã€‚ç›¸ä¿¡é¡¾è‡»æ•™æŽˆçš„åŠ ç›Ÿå°†è¿›ä¸€æ­¥ä¿ƒè¿›è¯å­¦é™¢æ•™å­¦æ”¹é©ï¼Œå¹¶æå‡ç§‘ç ”åˆ›æ–°ã€æˆæžœè½¬åŒ–çš„èƒ½åŠ›ã€‚\n\nhttps://mp.weixin.qq.com/s/5tkBq97UBGba5HHIFnffhQ
160644,7991,é¡¾è‡»,2022-09-29 06:27:23,6,12,6,ä¸çŸ¥é“ä¸ºä»€ä¹ˆè¿™ä¸€å±Šæ”¶äº†è¿™äº›æœ¬é™¢çš„äººæ‰ã€‚ã€‚ã€‚ã€‚
190942,7991,é¡¾è‡»,2024-03-25 05:32:53,3,3,0,ã€‚ã€‚ã€‚
191105,7991,é¡¾è‡»,2024-04-03 09:19:31,2,3,1,é€†å¤©...
191111,7991,é¡¾è‡»,2024-04-04 11:07:55,3,3,0,ã€‚ã€‚ã€‚
170744,8199,çŽ‹é‡‘æˆ,2023-03-09 03:24:15,2,3,1,wjcnb
141845,8278,èŽ«å»ºéœž,2021-10-27 14:07:40,6,7,1,è¿™ä¹ˆå¥½çš„è€å¸ˆæ²¡äººè¯„ä»·ï¼Ÿï¼Ÿï¼Ÿï¼Ÿï¼Ÿ
153662,8278,èŽ«å»ºéœž,2022-05-07 07:54:31,6,6,0,è€å¸ˆçœŸçš„è¶…å¥½çš„ï¼Œå¤§å­¦è¿™ä¹ˆé•¿æ—¶é—´ç¬¬ä¸€æ¬¡è§è€å¸ˆèƒ½è®°ä½æ‰€æœ‰å­¦ç”Ÿï¼Œå«çš„è¿˜å¾ˆäº²åˆ‡ï¼ŒçœŸçš„ï¼Œæ¨¡èŒƒè€å¸ˆï¼ðŸ˜˜
153737,8278,èŽ«å»ºéœž,2022-05-10 01:03:29,6,6,0,å¥½è€å¸ˆï¼
154637,8278,èŽ«å»ºéœž,2022-06-02 15:35:28,2,2,0,å¾ˆå¯çˆ±çš„è€å¸ˆ
154837,8278,èŽ«å»ºéœž,2022-06-06 06:12:24,2,2,0,å¥½è€å¸ˆä¸è§£é‡Š
155080,8278,èŽ«å»ºéœž,2022-06-08 05:52:23,5,5,0,èŽ«è€å¸ˆçœŸçš„è¶…çº§å¯çˆ±ï¼
160042,8278,èŽ«å»ºéœž,2022-09-12 07:47:41,2,2,0,è€å¸ˆè¶…å¥½
180240,8278,èŽ«å»ºéœž,2023-09-20 16:29:14,2,2,0,åƒå¦ˆå¦ˆä¸€æ ·ðŸ˜­
191293,8278,èŽ«å»ºéœž,2024-04-17 00:41:26,0,0,0,å°èŽ«è€å¸ˆäººè¶…çº§å¥½ï¼
191343,8278,èŽ«å»ºéœž,2024-04-18 04:51:28,0,0,0,è€å¸ˆè¶…çº§å¥½ï¼
191677,8278,èŽ«å»ºéœž,2024-04-27 13:18:33,2,2,0,èŽ«è€å¸ˆçœŸçš„å¾ˆå¯çˆ±å•Šï¼ä¸Šè¯¾ç‰¹åˆ«çƒ­æƒ…ï¼Œæœ‰æ—¶å€™é—®å¥¹è ¢é—®é¢˜ä¹Ÿä¼šå¾ˆè€å¿ƒåœ°è§£ç­”
192237,8278,èŽ«å»ºéœž,2024-05-13 00:24:42,2,2,0,å‘œå‘œå‘œå°èŽ«è€å¸ˆäººå¤ªå¥½äº†å§ï¼Œè€ƒè¯•å‰ç´§å¼ è¿˜ä¼šå®‰æ…°æˆ‘ðŸ˜­ðŸ˜­ðŸ˜­æœ€åŽç»™åˆ†è¶…çº§è¶…çº§å¥½ï¼
192660,8278,èŽ«å»ºéœž,2024-05-27 06:29:26,2,2,0,è€å¸ˆè¶…çº§å¥½ðŸ˜­
205985,8278,èŽ«å»ºéœž,2024-12-13 02:38:46,4,4,0,èŽ«è€å¸ˆæˆ‘çš„ç¥ž
215895,8278,èŽ«å»ºéœž,2025-03-06 15:21:46,0,0,0,èŽ«è€å¸ˆè¶…çº§å¥½
216553,8278,èŽ«å»ºéœž,2025-03-18 09:00:16,0,0,0,èŽ«è€å¸ˆäººçœŸçš„å¾ˆå¥½ï¼Œå‘å¥¹å­¦ä¹ 
217971,8278,èŽ«å»ºéœž,2025-04-18 13:39:07,3,3,0,æˆ‘ä¸Šåˆ°å¤§äºŒä¸‹ç›®å‰è§è¿‡çš„æœ€å¥½çš„å®žéªŒè¯¾è€å¸ˆ
128084,8279,åº”åŽæ´²,2020-12-07 04:49:13,0,4,4,è„¾æ°”å¾ˆå·®ï¼Œè„‘å­ç“¦ç‰¹ï¼Œå½“ä¸äº†æ•™æŽˆæ˜¯æœ‰åŽŸå› çš„ï¼Œä½ è¿™ç§äººä¹Ÿå°±é…ä¸€è¾ˆå­å½“å®žéªŒå¸ˆ
220307,8279,åº”åŽæ´²,2025-06-17 08:04:55,0,0,0,è¯åŒ–å®žéªŒè¯ç»¼å®žéªŒï¼Œè€å¸ˆå›žæ¶ˆæ¯è´¼å¿«ï¼Œä¹Ÿæœ‰æ¯”è¾ƒè¶³çš„åé¦ˆï¼Œå¯é€‰
134377,8508,å®£è´µè¾¾,2021-03-25 08:45:26,0,0,0,è€æ˜¯åŒ–å­¦è¯¾å¥½è¯„
180513,9022,çŽ‹é‡‘å¼º,2023-09-22 07:30:50,3,3,0,çŽ‹è€å¸ˆä¸Šè¯¾é£Žè¶£å¹½é»˜ï¼Œå¤‡è¯¾åˆ°å‡Œæ™¨ï¼Œä¸ºäººå¥½è¯´è¯ï¼Œå¼ºæŽ¨ï¼ï¼
200625,9022,çŽ‹é‡‘å¼º,2024-10-20 11:42:32,1,1,0,éžå¸¸å¥½
219902,9022,çŽ‹é‡‘å¼º,2025-06-10 15:29:21,0,0,0,è¿™äººçœŸéš¾è¯„ï¼Œä¸æ¸…æ¥šåˆ«äººçœ¼ä¸­æ˜¯ä»€ä¹ˆæ ·å­ï¼Œæˆ‘è¿™è¾¹æŽ¥è§¦è¿‡ä¹‹åŽè§‰å¾—ç¡®å®žæ˜¯å”ðŸ˜‡
206144,9165,çŽ‹ä½³ä½³,2024-12-13 06:18:41,1,1,0,ç‰¹åˆ«æ¸©æŸ”çš„ä¸€ä¸ªè€å¸ˆï¼Œäººä¹Ÿå¾ˆéšå’Œï¼Œè¶…çº§å¯çˆ±ï¼ï¼ï¼å¥½çˆ±ä½³ä½³è€å¸ˆï¼
219850,9165,çŽ‹ä½³ä½³,2025-06-09 02:38:35,0,0,0,è§åˆ°å¥¹å°±ä¼šç¬‘ï¼Œéžå¸¸æ¸©å’Œçš„è€å¸ˆå‘€ï¼
165294,9174,å¾æ˜“å°˜,2022-12-31 06:24:43,5,9,4,å¥½å¸…
184134,9174,å¾æ˜“å°˜,2023-12-10 16:39:43,1,1,0,ç»™å¾è€å¸ˆæ–°å¼€çš„å›½é™…åŒ–è¯¾ç¨‹åšä¸ªè¯„ä»·:\n\nè€å¸ˆè®²å¾—å¥½ï¼Œè®²çš„æœ‰è¶£ï¼Œéš¾ç‚¹ä¼šå¼ºè°ƒï¼ŒçŸ¥é“ç›¸å½“ä¸€éƒ¨åˆ†äººæ˜¯ä¸ºäº†æ‹¿å›½é™…åŒ–å­¦åˆ†æ¥é€‰è¿™ä¸ªè¯¾çš„ï¼Œä¼šè®²çš„æ¯”è¾ƒæ°´ï¼ŒåŠ©æ•™zljä¹Ÿæ˜¯éžå¸¸å°½èŒå°½è´£çš„\n\nå¤–æ•™å’Œå¤–æ–¹åŠ©æ•™çš„è¯¾ä»¥å¿µPPTä¸ºä¸»ï¼Œè€Œä¸”æ˜¯è¿œç¨‹å¬è¯¾ï¼Œè¿˜æ˜¯ç”¨è‹±æ–‡ï¼Œæˆ‘åŸºæœ¬æ²¡æœ‰åŽ»å¬ï¼Œä¸è¿‡æ•´ä½“ä¸Šè®²çš„ä¹Ÿä¸æ˜¯å¤ªéš¾\n\nä¸€å…±ä¸‰æ¬¡å°æµ‹ï¼Œæœ‰ä¸€æ¬¡æ˜¯çªå‡»å°æµ‹ï¼Œæå‰ä¸é€šçŸ¥è€Œä¸”åªèƒ½çŽ°åœºäº¤çº¸è´¨çš„ç­”æ¡ˆï¼Œå¹³æ—¶åˆ†åŸºæœ¬å…¨çœ‹å°æµ‹ï¼Œå°æµ‹çš„é¢˜ä¼šç®€å•ä¸€äº›ï¼Œ\n\næœŸæœ«è€ƒè¯•ï¼Œéš¾åº¦è´¼ä»–å¦ˆé˜´é—´ï¼Œè€å­ç¿»ä¸Šè¯¾çš„PPTï¼Œåªç¿»åˆ°ä¸€éƒ¨åˆ†å†…å®¹ï¼Œå‰©ä¸‹çš„æˆ‘å…¨åŽ»ç¿»çš„æœ€æ–°ç‰ˆçš„è¯ç†å­¦æ•™æï¼Œæ‰ç­”å®Œäº†è¿™å¼ å·å­ï¼Œä¸çŸ¥ç»™åˆ†ä¼šæ˜¯ç¥žé©¬æ ·å­ï¼Œå¦‚æžœç»™åˆ†ä¸æžé‚£å°†æ˜¯ç»æ€ã€‚è¿™ä¸ªè€ƒè¯•è®¾è®¡çš„ä¹Ÿç¦»è°±ï¼Œæ•™è€ƒåˆ†ç¦»çœŸçš„å¾ˆæžå¿ƒæ€ï¼Œä¸è¿‡ä¹Ÿæ˜¯æ²¡åŠžæ³•çš„äº‹ï¼Œæ¯•ç«Ÿç”¨ä¸‰ä¸ªå­¦åˆ†çš„å­¦æ—¶èƒ½æŠŠåºžå¤§çš„è¯å­¦çŸ¥è¯†ä½“ç³»è®²é€é‚£ç»å¯¹æ˜¯å¤©æ–¹å¤œè°­ã€‚\n\nç»¼ä¸Šæ‰€è¿°ï¼Œå…ˆæ‰“ä¸ª8åˆ†ï¼Œå‡ºåˆ†äº†å†æ¥è¿½è¯„
184511,9174,å¾æ˜“å°˜,2023-12-21 07:39:14,0,1,1,è€å¸ˆpptåšå¾—å¾ˆç²¾ç¾Žç”ŸåŠ¨å½¢è±¡ï¼Œè®²è¯¾æœ‰è¶£æµ…æ˜¾æ˜“æ‡‚ï¼Œèƒ½å­¦åˆ°å¾ˆå¤šä¸œè¥¿ï¼Œè™½ç„¶è¿™äº›çŸ¥è¯†åœ¨æœŸæœ«è€ƒè¯•ä¸Šæ²¡ç”¨\n\nå­¦è€ƒåˆ†ç¦»å¯¹äºŽå¤–ä¸“ä¸šçš„äººç®€ç›´ç¾éš¾ï¼Œè€ƒå®Œè¯•ä¸€åº¦ä»¥ä¸ºè‡ªå·±è¦æŒ‚ç§‘äº†ï¼Œå‡ºåˆ†ä¸€çœ‹90+ï¼Ÿï¼Ÿï¼Ÿ\n\næžåˆ†èƒ½åŠ›æƒŠä¸ºå¤©äººï¼Œæˆ‘éƒ½ä¸çŸ¥é“ä»–æ˜¯æ€Žä¹ˆç»™æˆ‘ç©ºäº†ä¸€å¤§ç‰‡çš„å·å­èµ‹åˆ†çš„
184698,9174,å¾æ˜“å°˜,2023-12-22 08:36:19,0,2,2,ã€ŠåŒ–å­¦ä¸Žç”Ÿç‰©å­¦ä¸­çš„è¯å“ç ”å‘ã€ç”Ÿäº§åŠç–—æ•ˆç ”ç©¶ã€‹\n\nè€å¸ˆå¤‡è¯¾å¾ˆè®¤çœŸï¼Œpptä¹Ÿéƒ½æ˜¯ç”¨å¿ƒåŽ»åšçš„ã€‚å¬è¯¾å¬å¾—å¾ˆçˆ½ï¼Œæ„Ÿè§‰ç›¸å…³ä¸“ä¸šçš„åŒå­¦å¯ä»¥åœ¨å·©å›ºå¹¶æ‹“å±•ç”ŸåŒ–æˆ–è€…è¯ç†çŸ¥è¯†çš„åŒæ—¶ç»ƒä¸€ä¸‹è‹±è¯­ã€‚\n\nå°æµ‹è‹±æ–‡é¢˜ç›®è‹±æ–‡ä½œç­”ï¼Œæœ¬èœé¸¡è‹±è¯­åž«åº•ï¼Œç­”å¾—ä¸å¥½ï¼›æœ€æ— è¯­çš„æ˜¯è¯¾ç¨‹å¿«ç»“æŸçš„æ—¶å€™æ¥äº†ä¸€ä¸ªçº¸è´¨çªå‡»å°æµ‹ã€‚è€å¸ˆå…ˆç”¨å‰ä¸¤æ¬¡çš„å‹å¥½å°æµ‹æ¥éº»ç—¹æˆ‘ä»¬ï¼Œå†è¿›è¡Œå·è¢­ï¼Œè¯´æ˜¯ä¸ºäº†æ•™åŠ¡å¤„çš„ç»™åˆ†è§„å®šï¼Œä¸èƒ½å…¨ç»™æˆ‘ä»¬é«˜åˆ†ã€‚æˆ‘æ„Ÿè§‰é‚£æ¬¡å°æµ‹æ²¡åŽ»çš„äººè·ŸåŽ»çš„äººç»™åˆ†å·®å¾ˆå¤š......(æœ¬å°ä¸‘å°±æ˜¯è¢«å®¡åˆ¤çš„æ‡’ç‹—ä¹‹ä¸€ã€‚ä½†æˆ‘å…¶å®žå°±é‚£å‘¨åˆšå¥½èµ·ä¸æ¥ï¼Œå…¶å®ƒèŠ‚è¯¾éƒ½æœ‰è®¤çœŸå¬è®²...åªèƒ½è¯´åŽæžœè‡ªè´Ÿäº†ï¼‰\n\næœŸæœ«è€ƒè¯•æ„Ÿè§‰æœ‰å¾ˆå¤šæœ‰æœºå’Œç”ŸåŒ–çš„å†…å®¹ï¼Œæˆ‘è™½ç„¶åšçš„ä¹Ÿå¾ˆä¸å¥½ï¼Œæœ‰ä¸€ä¸¤å°é¢˜å®Œå…¨ä¸ä¼šï¼Œä½†å…¶å®ƒåŸºæœ¬ä¸Šéƒ½å†™äº†äº›ï¼Œç¬¬ä¸€å¤§é¢˜ç”¨äº†ä¸­æ–‡ä½œç­”ï¼ŒåŽé¢åŸºæœ¬éƒ½ç”¨äº†è‹±æ–‡ã€‚æœ€åŽæ˜¯75åˆ†ç»©ç‚¹3.0......æˆ‘å€’ä¸æ¸…æ¥šé‚£äº›è¯´ç€ç»™åˆ†å¾ˆå¥½çš„äººå…·ä½“æƒ…å†µï¼Œä¸ªäººæŽ¨æµ‹æ˜¯å¤§å¤§æ‹‰é«˜äº†å¹³æ—¶åˆ†çš„å æ¯”ï¼Œè®©é‚£æ¬¡çªå‡»å°æµ‹å†³å®šä½ çš„åˆ†æ•°ï¼Œæ‡’ç‹—è¢«å½»åº•åˆ¶è£ã€‚\n\nçœ‹é’‰ç¾¤ä¸Šå¤§å®¶éƒ½å¤¸èµžè€å¸ˆå¥½æžï¼Œç»“æžœä¸€çœ‹è‡ªå·±ç»©ç‚¹ï¼Œåªæ„Ÿè§‰è„‘å­â€œå—¡â€åœ°ä¸€å£°......å±žå®žè¢«3.0çš„ç»©ç‚¹æ‹‰å…¥äº†æ·±æ¸Šã€‚ä¸è¯´äº†ï¼Œæˆ‘è¦åŽ»è·³å¯çœŸæ¹–äº†ï¼Œè°éƒ½åˆ«æ‹¦æˆ‘ã€‚
171917,9392,é©¬ä¸½,2023-04-12 12:32:38,0,1,1,æ˜Žå¤©åšå®žéªŒäº† é©¬ä¸½ä¹‹ç¥žå•Š èµæˆ‘ä¸€å°è‰¯å¥½çš„ä»ªå™¨
191185,9392,é©¬ä¸½,2024-04-11 03:04:08,1,2,1,æˆ‘æ„¿ç§°ä¹‹ä¸ºè¯å­¦é™¢æœ¬ç§‘ç”Ÿå®žéªŒçš„ç¥žï¼é©¬è€å¸ˆä¸€æ¬¡æ¬¡æ•‘æˆ‘ä»¬çš„è¯ç»¼å®žéªŒäºŽæ°´ç«ä¹‹ä¸­ï¼Œè€å¿ƒæ•™å¯¼ï¼Œå°½å¿ƒå°½è´£ã€‚å…³é”®æ˜¯ï¼šä½ å°±ç®—å®žéªŒå¤±è´¥äº†ä¹Ÿä¸ä¼šéª‚ä½ ï¼Œè¿˜å«ä½ â€œå­©å­ä»¬â€â€œå®å®â€ï¼Œæ•™ä½ æ€Žä¹ˆåšæˆåŠŸã€‚å¥¹çœŸçš„ï¼Œæˆ‘å“­æ­»ï½¡Â°(Â°Â¯á·„â— Â¯á·…Â°)Â°ï½¡
220304,9392,é©¬ä¸½,2025-06-17 08:02:05,0,0,0,ä½†æ˜¯å—“é—¨æœ‰ç‚¹å¤§
173418,9393,æ¨æ…§è“‰,2023-05-24 01:20:49,-10,1,11,å¾ˆæ¸©å’Œçš„è€å¸ˆ
175625,9393,æ¨æ…§è“‰,2023-06-26 02:52:56,1,3,2,ç»™åˆ†è¿˜è¡Œï¼Œå°±è€å¸ˆæœ¬äººæ¥è¯´ä¸€èˆ¬
175649,9393,æ¨æ…§è“‰,2023-06-26 04:36:06,0,0,0,è€å¸ˆæœ‰æ—¶å€™è®²è¯æœ‰ç‚¹éš¾å¬ï¼Œä½†æ˜¯ç»™åˆ†è¿˜æ˜¯å¾ˆå¥½äº†ï¼Œæ„Ÿè§‰å¾ˆæž
179022,9393,æ¨æ…§è“‰,2023-08-22 15:34:36,4,6,2,è¯è®­è®²è¯¾å†…å®¹åä¸å‰¯å®žï¼Œåä¸ºâ€œå¿ƒç†å»ºè®¾â€ï¼Œç»“æžœåå€’è®²äº†ä¸€å †è¯é™¢çŽ°åœ¨çš„å„ç§æˆå°±ä¸Žè¯é™¢ä¼˜ç§€å­¦ç”Ÿçš„æ•…äº‹ï¼Œç®€ç›´åˆæ˜¯ä¸€èŠ‚å½¢ç­–è¯¾ï¼Œé¸Ÿç”¨æ²¡æœ‰ä¹±è€—æ—¶é—´ï¼Œè¿˜æ”¶æ‰‹æœºï¼Œè¿˜ç‚¹åï¼Œä¸ªäººæ„Ÿè§‰å¾ˆç³Ÿç³•ã€‚æˆ‘è§‰å¾—è¿™éƒ¨åˆ†çœŸåº”è¯¥æ”¹æˆç§‘ç ”èŒä¸šé“å¾·ä¸Žç”Ÿå‘½æ•™è‚²ï¼Œåšä¸€äº›ä¸ªä½“è€Œéžæ•´ä½“å±‚é¢çš„é“å¾·å»ºè®¾ã€‚å¦å¤–å‡ ä¹ŽåŒæ ·çš„å†…å®¹è¿˜æ²¡zxnè€å¸ˆè®²å¾—æœ‰è¶£
181823,9393,æ¨æ…§è“‰,2023-11-02 00:43:29,3,4,1,sbä¸œè¥¿ï¼Œæ¯å‘¨ç•™å…«ç™¾å­—ä½œæ–‡ï¼ŒåŽ»*å§
182208,9393,æ¨æ…§è“‰,2023-11-12 14:29:38,0,0,0,çœŸçš„åå•¦
200639,9393,æ¨æ…§è“‰,2024-10-20 12:46:43,2,2,0,ä¸Šè¯¾å¿µä¸ªpptéƒ½å¿µä¸æ˜Žç™½ï¼Œè¿˜tmæ‹–å ‚ï¼Œä¸æ˜¯ä½ é…å—æˆ‘è¯·é—®äº†å‘ƒå‘ƒ
208790,9553,å¾è…¾é£ž,2025-01-02 02:49:05,1,3,2,ä¸Šè¯¾æ¯æ¬¡éƒ½ç©¿å¾—å¾ˆæ¿æ­£å“ˆå“ˆå“ˆ
214497,9553,å¾è…¾é£ž,2025-02-09 13:10:17,3,5,2,åŒ…ç”·ç¥žçš„ï¼Œè„¾æ°”åˆå¥½ï¼Œç»™åˆ†ä¹Ÿä¸é”™
216250,9553,å¾è…¾é£ž,2025-03-12 16:31:11,0,3,3,æ€§æ ¼æ¯”å¡çš®å·´æ‹‰ç¨³å®š
216253,9553,å¾è…¾é£ž,2025-03-12 16:42:54,2,4,2,é’æ¤’å¤©èŠ±æ¿æ‡‚ä¸æ‡‚å•Š
216255,9553,å¾è…¾é£ž,2025-03-12 17:07:02,1,3,2,éžå¸¸å¥½è€å¸ˆï¼Œä½¿æˆ‘çš„preæ—‹è½¬ã€‚
216256,9553,å¾è…¾é£ž,2025-03-12 17:09:33,3,5,2,è€å¸ˆå¾ˆéšå’Œï¼Œè¯ç»¼å®žéªŒæ–¹æ¡ˆçš„è‡ªä¸»æ€§å¾ˆå¼ºï¼Œæœ‰æƒ³æ³•è€å¸ˆä¹Ÿä¼šé¼“åŠ±åšï¼Œæœ‰é—®é¢˜ä¹Ÿä¼šå¾ˆè®¤çœŸåœ°è§£ç­”
218720,9553,å¾è…¾é£ž,2025-04-29 12:39:30,2,2,0,è¿™ä¹Ÿè¦åˆ·å¥½è¯„ï¼Œè¿™å¤§åŽ¦é¿é£Žäº†å§ã€‚
218721,9553,å¾è…¾é£ž,2025-04-29 12:49:17,0,1,1,ä¸æ˜¯è¿™ä¹Ÿè¦åˆ·å¥½è¯„ï¼Ÿè¯¾é¢˜ç»„é‡Œé¢å‡ ä¸ªæ™®ä¿¡ç”·çœŸçš„æœäº†ï¼Œè·Ÿé‚ªæ•™ä¸€æ ·ã€‚ä¸€å¤©å¤©è„‘å­å¾ˆæœ‰ç—…ä¸€æ ·æˆå¤©puaè‡ªå·±è¿˜ä¹åœ¨å…¶ä¸­ã€‚
220254,9553,å¾è…¾é£ž,2025-06-17 00:34:05,0,0,0,ä¸­è¯æ‰€æ¯”è¾ƒæ­£å¸¸çš„è€å¸ˆ
219283,9627,ç½—åˆ©åŽ,2025-05-24 06:41:50,1,1,0,æ¯”è¾ƒæ¸©æŸ”çš„å¥³è€å¸ˆï¼Œä¸Šè¯¾è®²çš„æ¯”è¾ƒæ¸…æ¥š
179353,10155,çŽ‹ç§‹é“­,2023-09-12 15:46:57,5,5,0,å…³å¿ƒåŒå­¦ï¼Œè„¾æ°”ä¹Ÿå¥½
179396,10155,çŽ‹ç§‹é“­,2023-09-14 10:59:01,7,7,0,å¥½è€¶ï¼Œå¥½æ¸©æŸ”çš„ç”·è€å¸ˆ
179453,10155,çŽ‹ç§‹é“­,2023-09-16 06:23:35,4,4,0,å…³å¿ƒåŒå­¦ï¼Œè„¾æ°”è¶…å¥½
179550,10155,çŽ‹ç§‹é“­,2023-09-18 06:21:08,4,4,0,äººç”Ÿç¬¬ä¸€ä¸ªæ»¡ç»©ï¼Œæˆ‘å“­
180230,10155,çŽ‹ç§‹é“­,2023-09-20 15:50:15,2,2,0,çœŸçš„å¥½å¥½å•Š
180231,10155,çŽ‹ç§‹é“­,2023-09-20 15:49:03,2,2,0,è¶…çˆ±ç§‹é“­å“¥~ç®€ç›´å°±æ˜¯æ¸©æŸ”çš„åŒ–èº«ï¼Œå°±ç®—å¶å°”å‘è„¾æ°”ä¹Ÿæ„Ÿè§‰hinæ¸©æŸ”ï¼çœŸçš„æ˜¯å¾ˆä¸ºæˆ‘ä»¬ç€æƒ³çš„è€å¸ˆï¼Œæœ€åŽä¹Ÿéžå¸¸åŠªåŠ›åœ°åœ¨æžæˆ‘ä»¬ï¼è¶…çº§æ— æ•Œå¥½ï¼ï¼ï¼ï¼ˆå†è¯´ä¸€å¥ï¼Œè‡ªåˆ›çš„å£å·å–Šæ³•è¶…çº§å¯çˆ±~~ï¼‰
199496,10155,çŽ‹ç§‹é“­,2024-09-24 13:59:21,0,0,0,å¥½ï¼å¾ˆæ¸©æŸ”çš„ç”·è€å¸ˆ
