่ฏ่ฎบid,่ๅธid,่ๅธๅงๅ,ๅ่กจๆถ้ด,็น่ตๅๅป็น่ธฉๆฐ้,็น่ต้,็น่ธฉ้,ๅๅฎน
14663,3429,liuzhe,2016-01-08 16:19:08,30,33,3,่ๅธๅพ่ฎค็๏ผๅจ็จๆฟไนฆ๏ผๆๆซ็ปๅไนๅพๆฃ๏ผ้ๅฐ่ฟๆท็่ๅธๆๅชๆณ่ฏด ่ค่ค่ค่ค่ค่ค่ค่ค
14697,3429,liuzhe,2016-01-08 11:04:18,34,35,1,ไฝๆ็ปญไธ็ง่ค่คๆฐธไธ่
14698,3429,liuzhe,2016-01-08 11:10:52,22,24,2,้ทๅฃฐๅๅคง่ดขๆๆฏๅๅผ็
14699,3429,liuzhe,2016-01-08 11:15:21,20,24,4,่ฟ่ๅธๅผ็ไปไน่ฏพๅ๏ผๆฅไบๆนๆฌไธ่ฎฉไธ๏ผๅทฎ่ฏ๏ผ
14700,3429,liuzhe,2016-01-08 11:15:32,18,19,1,็ปญไธ็ง
14702,3429,liuzhe,2016-01-08 11:17:38,89,90,1,ๆๆซ่่คไธ็ฏ็จๅพฎๆ็นๅ้ป๏ผไฝๅนณๆฅ้ไธ็ดๅๆ่่ค็ๅๅญฆๅบ่ฏฅ่ฟๆฏๅฏไปฅๅๅพไธ้็ๆ็ปฉ
14703,3429,liuzhe,2016-01-08 11:18:37,65,66,1,่ๅฉๅฝๅฎถ็ๆญปไปฅ๏ผๅฒๅ็ปฉ็น้ฟ่ถไน๏ผ
14704,3429,liuzhe,2016-01-08 11:19:42,22,26,4,ไธไธช่ต่๏ผ
14705,3429,liuzhe,2016-01-08 11:33:34,137,141,4,ไฝไปฌ่ฟไบไบบๅ๏ผไธ่ฆๆณๅๆฌขๅผไบไธชๅคงๆฐ้ป๏ผๆๆซๆ็งไบ๏ผๅๆๆๆนๅคไธ็ช๏ผ
14706,3429,liuzhe,2016-01-08 11:39:39,19,22,3,็ปๅๅคชๅทฎ๏ผๅนณๆถ้ฃไน็จๅๆๅ็ซ็ถๅชๆ1.5๏ผ๏ผ่ค
14709,3429,liuzhe,2016-01-08 11:53:00,25,26,1,naive
14710,3429,liuzhe,2016-01-08 11:59:20,51,52,1,ไฝไปฌๅ๏ผๆ่งๅพไฝไปฌ่ฏๅ็่ฟๆฏ่ฆ้ดไนไธไธช๏ผๆ็ฝๆ็ๆๆๅง๏ผ
14711,3429,liuzhe,2016-01-08 12:01:29,44,45,1,ๆๆ่งไฝไปฌๅฌไผๅท่ฟ่ฆๅญฆไนไธไธชใ็พๅฝ็ๅ่ฑๅฃซ๏ผๆฏไฝไปฌไธ็ฅ่ฆ้ซๅฐๅช้ๅปไบ๏ผๆ่ทไป่ฐ็ฌ้ฃ็ใ
14712,3429,liuzhe,2016-01-08 15:18:19,19,20,1,ๆตๅคง่คๅ
14713,3429,liuzhe,2016-01-08 12:02:55,11,11,0,่ค่ค่ค
14715,3429,liuzhe,2016-01-08 12:10:11,21,22,1,ๅผๅ๏ผไธ้ข่ต่๏ผ\n\n
14716,3429,liuzhe,2016-01-08 12:19:48,8,8,0,ๆๆไปฌๅไธชๅคงๆฐ้ป\n\n
14724,3429,liuzhe,2016-01-11 13:20:32,9,10,1,ไฝไปฌๅไธ่ฆ่งๅพ้ฃๅฐฑๆฏ้จ๏ผ็ญไบใใใไฝไนๆ่ดฃไปปๅง๏ผ
14735,3429,liuzhe,2016-01-08 14:28:54,5,6,1,ไธ่ฏพๆฎๅๅบๆฌๆณ
14751,3429,liuzhe,2016-01-08 16:19:05,5,8,3,ๅ็ปฉ0.1
14856,3429,liuzhe,2016-01-10 07:53:42,26,26,0,่ๅธไธ่ฏพๅๆป่ฆๆนๅคไธ็ช\n\nโไฝไปฌๅ้่ฆๆ้ซๅงฟๅฟๆฐดๅนณ ๅป่ฅฟๆนๅฝๅฎถ ๅญฆไนไธไธช ๅบๆฌๆณ โ\n\n
14884,3429,liuzhe,2016-01-10 16:07:02,19,22,3,stay  foolish๏ผstay  naive
15012,3429,liuzhe,2016-01-11 13:21:14,47,49,2,ไฝไปฌ็ปๆๆ็่ฟไธช้กต้ขๅ๏ผexcited๏ผ
15143,3429,liuzhe,2016-01-15 13:20:30,37,37,0,ไฝไปฌๅญฆ็ๅฐฑๆฏไธ็ฅ้่ชๅทฑ็็ปฉ็นไธๅฏ้ขๆ๏ผๆๅ็ๆ็ปฉๅฝ็ถ่ฆ้ๅฟๆๅฅๆ๏ผไฝไน่ฆ่่ๆญฃๆ็่ก็จ
15269,3429,liuzhe,2016-01-13 06:30:41,22,22,0,็ปๆไปฌๆฎๅๅบๆฌๆณ๏ผ่ฟไปฅๅถๅป่ฟๆๆ่ฅฟๆนๅฝๅฎถ็็ปๅๆๆไปฌๅๅฝ่ฏญ่จใไธๅๆฌขๆไปฌๆๅคงๆฐ้ปใๆฏไธไธชไธๆๅฐ่๏ผๆฃ้ผป๏ผ็้ฟ่๏ผ
15491,3429,liuzhe,2016-01-14 21:08:06,11,11,0,ไฝไปฌๅtoo young too simple
15509,3429,liuzhe,2016-01-15 03:00:08,11,11,0,sometimes naive
15826,3429,liuzhe,2016-01-16 11:11:51,29,30,1,็ปๅธธ็นๅ่ฑๅฃซ็ๅใใใ
17193,3429,liuzhe,2016-01-20 00:50:25,9,9,0,ไฝ้ฎๆ่ตไธ่ตๆzju๏ผๆ่ฏด่ตๆ๏ผๆๅฐฑๆ็กฎๅ่ฏไฝ่ฟไธ็น\n\n
17198,3429,liuzhe,2016-01-20 00:55:14,12,13,1,ๅฝญๅฎๅบทๆจ่็
17770,3429,liuzhe,2017-05-08 15:29:48,14,14,0,ไปๅคฉ้ซไปฃ๏ผๆๆฅ่ไธไธ
18074,3429,liuzhe,2016-01-21 07:21:22,2,4,2,้ฆๅฎ็๏ผ
18232,3429,liuzhe,2016-01-21 12:20:40,12,12,0,่ๅธ่ฎฉๆไปฌ่ฏๆ็ไบ็นๅฑๅๅ๏ผexcited๏ผ
18310,3429,liuzhe,2016-01-21 12:20:29,13,14,1,ๆณๆปก็ปฉๅฟ้กป็ฉฟ็บข่กฃ๏ผๅธฆ้ปๆก็ผ็๏ผๆ่ฃคๅญๆๅฐ่ๅญไธ\^O^/
18565,3429,liuzhe,2016-01-22 04:35:07,12,13,1,ไปๅคฉ็ฉฟไบ็บข่กฃๆๅฅฝๅผๅฟใไธบไปไนๅฌไธๆไฝไปฌ่ฏด็็บ
19971,3429,liuzhe,2016-01-25 17:11:08,7,7,0,ไธ้ข่ต่
21233,3429,liuzhe,2016-02-27 05:58:16,12,12,0,ไธ่ฏพไผ็ปๆไปฌๆฎๅๅบๆฌๆณ๏ผ่ไธไนไฝไธบ้ฟ่ไบค็ปไบๆไปฌๅพๅค้็ใ่ตๆฏไธไธชๅฅฝ่ๅธๅใ
21951,3429,liuzhe,2016-03-02 01:52:09,5,5,0,ๆฐด่ฝ่ฝฝ่ไบฆๅฏ่ต่๏ผ่ๅธๆ็ปๆไปฌ็้็ๅบๅฝๆฐธไธ้ญ่ฎฐใ
22432,3429,liuzhe,2016-03-05 09:55:22,3,4,1,ๆฐดๅฏ่ฝฝ่ไบฆๅฏ่ฆ
22469,3429,liuzhe,2016-03-06 13:25:04,12,13,1,ๆฑ่ฝๆณฝๆฐ๏ผไบฆๅฏ่ต่
22805,3429,liuzhe,2016-03-12 06:27:15,4,4,0,่่ฏๅฐฑๆฏไธ็ฅ้๏ผ่ชๅทฑไธๅฏไปฅ้ขๆใไธไธช่ๅธ็ๅฝ่ฟๅ๏ผๅฝ็ถ่ฆ็ไธชไบบๅฅๆ๏ผไฝไน่ฆ่่ๅๅฒ็่ฟ็จใ\n\n
23575,3429,liuzhe,2016-04-07 01:08:51,4,5,1,่ถๅธ็
25339,3429,liuzhe,2016-05-15 10:41:54,12,13,1,ๆฏๆฌกไธ่ฏพไนๅ้ฝ่ฆๅ้กฟไธ็ง๏ผไธๆฏๅพๆไธบไปไน
26093,3429,liuzhe,2016-06-17 06:46:31,4,4,0,ไธญๅคฎๅทฒ็ป้ฆๅฎไบ๏ผ่ฎฉไฝๆฅๅฝๆปไนฆ่ฎฐ
26094,3429,liuzhe,2016-06-23 15:45:56,2,3,1,่ค่ค่ค่ค่ค?
27119,3429,liuzhe,2016-09-22 11:14:53,11,11,0,่ๅธไธ่ฏพไผๅผนๅคๅจๅคทๅไป๏ผ่ฟ้่ฏทๅท้ฟๅคซไบบไผดๅฑ
27225,3429,liuzhe,2016-06-23 15:45:54,2,3,1,่ค่ค่ค่ค
28739,3429,liuzhe,2016-09-14 05:04:13,11,11,0,ไฝไปฌ่ฏด่ๅธ็ๅฟๅญๅผ็บข่ฒๆณๆๅฉ๏ผๆ้ๅธธๆฐๆค๏ผไฝไปฌไธๆดพ่ก่จ๏ผ
28779,3429,liuzhe,2016-09-14 05:12:03,32,32,0,่ๅธ็ปๅธธ่ทๆไปฌ่ฎฒไป็็ปๅ ไป็็ปๅๅฐฑๆฏๅฐไบไธๆตท ๅฐไบ89ๅนดๅนดๅ็ๆถๅ ไป่งๅพไปไน่ฏฅ็ฆปไผไบ ไปๆณไปๅบ่ฏฅๅปๅฝๆๆ ไบๆฏไปๅฐฑ็ปๆฑ็ฉๅๆก้ฟ ๅผ้ไฟ้ข้ฟ ็ปไปไปฌๅไบไธชๆฅๅ ไปไปฌ่ฏดๆฌข่ฟไฝๆฅ ไธ่ฟ่ฟไธชapply for professorๅ ไฝ่ฆๅไธไธชๆฅๅ ไบๆฏไปๅฐฑๅไบไธช่ฝๆบไธๅๅฑ่ถๅฟ็่่ฝๆชๆฝ ่ฟไธชๆฅๅ็ป่ฟๅฅฝๅ็พไธชๆๆไธ่ด้่ฟ ๅๆฅไปๅๅไบไธชๆฅๅ ๆฏๅณไบๅพฎ็ตๅญๅทฅไธ็ๅๅฑ ่ฟไธชๆฅๅๅไบไปฅๅไธไน ่ฟๅ ๅฐไบ1989ๅนด5ๆ31ๅท ๅไบฌๅฐฑๆไป่ฐๅฐๅไบฌๅปไบ
33390,3429,liuzhe,2016-09-19 04:40:21,1,1,0,่ๅธ็ปๅธธ่ทๆไปฌ่ฎฒไป็็ปๅ ไป็็ปๅๅฐฑๆฏๅฐไบไธๆตท ๅฐไบ89ๅนดๅนดๅ็ๆถๅ ไป่งๅพไปไน่ฏฅ็ฆปไผไบ ไปๆณไปๅบ่ฏฅๅปๅฝๆๆ ไบๆฏไปๅฐฑ็ปๆฑ็ฉๅๆก้ฟ ๅผ้ไฟ้ข้ฟ ็ปไปไปฌๅไบไธชๆฅๅ ไปไปฌ่ฏดๆฌข่ฟไฝๆฅ ไธ่ฟ่ฟไธชapply for professorๅ ไฝ่ฆๅไธไธชๆฅๅ ไบๆฏไปๅฐฑๅไบไธช่ฝๆบไธๅๅฑ่ถๅฟ็่่ฝๆชๆฝ ่ฟไธชๆฅๅ็ป่ฟๅฅฝๅ็พไธชๆๆไธ่ด้่ฟ ๅๆฅไปๅๅไบไธชๆฅๅ ๆฏๅณไบๅพฎ็ตๅญๅทฅไธ็ๅๅฑ ่ฟไธชๆฅๅๅไบไปฅๅไธไน ่ฟๅ ๅฐไบ1989ๅนด5ๆ31ๅท ๅไบฌๅฐฑๆไป่ฐๅฐๅไบฌๅปไบ
36552,3429,liuzhe,2016-12-30 05:37:55,3,4,1,่ฟไธช็นๅๅ๏ผexcitedใ+1sใ
36570,3429,liuzhe,2016-11-15 02:24:21,2,3,1,ๅคชๆดๅ
37806,3429,liuzhe,2016-11-21 06:59:57,3,3,0,ๅฝๆถๅดๆก้ฟๅฐฑ่ฏดๅฆ๏ผไธญๅคฎๅทฒ็ปๅณๅฎๅฆ๏ผๅฐฑ็ฑไฝๆฅๆ่ฟไธชๆฐๅญฆ๏ผๆ่ฏดไฝ่ฟๆฏๅฆ่ฏท้ซๆๅงใๆๅฎๅจไนไธๆฏ่ฐฆ่ใ\n\n่ๅธ้ปๆก็ผ้๏ผ่ฃค่ฐๅธฆ้ซ๏ผๅงฟๅฟๆฐดๅนณๆฏๅถไป่ๅธไธ็ฅ้้ซๅฐๅช้ๅปไบ
39167,3429,liuzhe,2016-12-21 12:06:33,2,2,0,็จป่ฑ้ฆ้่ฏดไธฐๅนด
49379,3429,liuzhe,2017-04-09 02:40:18,17,17,0,ๆไธๆฏๆ่ฒๅทฅไฝ่๏ผไฝๆฏๆๆฏ่บซ็ป็พๆ๏ผ่งๅพๅคไบใๆฅ่ๅธๅชไธช่ๅธๆๆฒก่ฏ่ฟ๏ผๆฐ้ป็้ฃไธชๅ่ฑๅฃซ๏ผๆฏไฝไปฌไธ็ฅ้้ซๅฐๅช้ๅปไบ๏ผๆ่ทไป่ฐ็ฌ้ฃ็ใไฝไปฌๆไธ็นๆฏไปไปฌ่ฅฟๆน่ฎฐ่ๅฅฝ๏ผๅช้จ่ฏพๆๆ็ง๏ผไฝไปฌ้ๅพๆฏไปไปฌ่ฟ่ฆๅฟซ๏ผไฝๆฏ็ป้่ฏพ็็็ฑๅ๏ผๅพๆท๏ผๅพๆฃฎ็ด๏ผSometimes naive.
51264,3429,liuzhe,2017-05-26 07:13:19,8,8,0,ไธ่่ฏพไธ่ฏพ่ฆๅคงๅฎถ่่ๅบๆฏๅกๆผ่ฎฒๅจๆ๏ผ่ฏทๅคงๅฎถๅๅฅฝๅๅค
51972,3429,liuzhe,2017-06-14 03:27:59,1,2,1,ๅฅฝๅฅๅฅฝ
51980,3429,liuzhe,2017-06-14 08:46:01,2,2,0,hhh
51987,3429,liuzhe,2017-06-14 04:15:02,18,18,0,ๅไบซๅ้ข่่ฏๅ้ข\n\n\n\n1.้ฟ้ฃ็ดๆตชไผๆๆถ๏ผ้ฎๆ_____ไธ_____ใ \n\n2.ไธ่บซๅปๅฝๅญๅ้๏ผๆๅฐฑ_____ๅ่ฏไฝใ \n\n3.ๆธญๅทๆ้ณ็งๅข่ฝ๏ผๅชไธช_____ๆฒกๅป่ฟใ \n\n4.็พๅฃถไธ่ฏๅผๆๆฑ๏ผ็ๆ_____้ฃไธๅฅใ\n\n5.ๅจๅคฉๆฟไฝๆฏ็ฟผ้ธ๏ผไบบ็_____่ฟๅคชๅฐใ
52008,3429,liuzhe,2017-06-30 04:08:23,10,11,1,ๆฏๆฌกไธ่ฏพๆป่งๅพๆถ้ด่ฟๅพๅพๅฟซใ\n\n่ๅธไธไธชๅญฆๆๅนด่ฝปไบไธๅฐใ\n\n็ฅ่ๅธ่ถๆฅ่ถๅนด่ฝป!
52030,3429,liuzhe,2017-06-14 08:49:53,6,8,2,ๅๅพฎไปป้ไน็ฅ็ฒ๏ผๅ็ซญ่กฐๅบธๅฎไธๆฏใ_______๏ผ______ใ
52031,3429,liuzhe,2017-06-14 08:55:46,0,1,1,ๅๅฎณไบ๏ผ่ค่ค
52036,3429,liuzhe,2017-06-15 00:57:50,0,4,4,่ฆๅฎใใใ
52042,3429,liuzhe,2017-06-14 09:37:29,1,3,2,่ค่ค่ค
52059,3429,liuzhe,2017-06-14 11:16:00,0,2,2,+1s
52079,3429,liuzhe,2017-06-14 14:53:04,1,1,0,ๅผ้จๅผ้จๆฅๆฐด่กจไบ\n\n
52125,3429,liuzhe,2017-06-15 03:25:16,2,2,0,excited๏ผ
52128,3429,liuzhe,2017-06-15 03:52:36,1,1,0,่คโฆ\n\n
52131,3429,liuzhe,2017-06-15 03:57:24,2,2,0,ๆฐด่ฝ่ฝฝ่๏ผไบฆๅฏ่ต่
52132,3429,liuzhe,2017-06-15 04:00:41,1,1,0,เนไนโกไนเน
52133,3429,liuzhe,2017-06-15 04:06:51,7,7,0,ๆฏๆฌกๅฌ่ฏพ้ฝๆ่งๆถ้ด่ฟ็้ๅธธๅฟซ
52136,3429,liuzhe,2017-06-15 05:04:36,1,2,1,excited๏ผ๏ผ
52138,3429,liuzhe,2017-06-15 05:17:33,5,5,0,็ๅธไนๆด้กฟ๏ผ็ฆ็ปๅ่ดพ
52159,3429,liuzhe,2017-06-15 08:25:01,1,1,0,่ไธๅ
52329,3429,liuzhe,2017-06-18 13:23:44,1,3,2,ๅคชๆดๅไบ!ๆไนๆ่ฟ็ง้กต้ข!
52331,3429,liuzhe,2017-06-18 13:45:11,1,1,0,666
52332,3429,liuzhe,2017-06-18 13:46:55,1,1,0,native
52363,3429,liuzhe,2017-06-19 05:53:57,0,1,1,่ค่ค่ค่ค่ค่ค่ค
52394,3429,liuzhe,2017-06-19 13:42:04,1,1,0,ๅฝ็ถๆฏ่ต่พ็\n\n
52511,3429,liuzhe,2017-06-20 16:07:42,0,0,0,ไธๅญๅจ็
52512,3429,liuzhe,2017-06-20 16:12:12,8,8,0,่ชไปๅฎฟ่้ๆไบ่ๅธ็็ปๅ๏ผๆ่งๆถ้ด่ถๆฅ่ถไธๅค็จไบ
52961,3429,liuzhe,2017-06-24 07:42:18,6,6,0,ๅฅฝ่ๅธ๏ผๆฏๆฌกไธ่ฏพๅไผ็ปๆฏไบบ+1sๅฝๅ็นๅ๏ผ่ฟไนๆ็ง็่ๅธไธๅคไบ
53106,3429,liuzhe,2017-09-03 22:41:09,11,11,0,่ฟไธๅคฉ๏ผ้ญๅฝๅ่ฃ้ญๅๅๆฃ่งๅฎไธๅ๏ผๆต่บซ็ฒๅฆ็ๅๅฐ่ชๅทฑ็ๅคง่ฅ๏ผๆฒกๆๆณๅไธบ่บซไฝ่ฟๅบฆ่ๅผฑ๏ผๅ่ทฏ็ซไฝๅไธๆฏๅๅฅๆๅฃซไปฌๆ็ๅฃๆฒไนไธญ๏ผๅจๅด็ๅฐๅฃซไปฌๅฌ้ปๅฃฐๅ็ซๅณ่ตถๆฅ๏ผๅช่ง้ญๅ่ทๅฅไธคๅฐบๅฎฝ็ๅฃๆฒไธญๆถ๏ผ่บซๅญๆๅ๏ผๅ่ข็ๅฐ๏ผๆดไธชไบบ่ขซๅผฏๆๆไบๆคๅญ็ถ๏ผๅฐๅฃซไธๆข่ดธ็ถ่ฅๆ๏ผๅชๆดพไบบ่ตถ็ดง็ฆๅๆนๆ๏ผๆนๆๅคงๆฅ๏ผ้ฎโ้ญๅ็ฐๅจๅฆไฝโๅช้ปๆฅ้็ๅฃซๅต่ฟ็ไบไธไธ๏ผ็ผ็ผ่ฏด้โๆฒ้้ญๅ่บซไผผๆคโๆนๆไธๆ๏ผๆฒๆ็ๅป๏ผๅๅคดๅฑๅ้ชๅต้้ฟ๏ผโ้ช่ฅ็ซ่ตดๅฟๅไน!โ
54843,3429,liuzhe,2017-06-30 09:59:51,0,0,0,ไฝไปฌ่ชๅทฑๆ็\n\nไธ่ฏด่ฏ็ไบบๆ็ฆไบ
55588,3429,liuzhe,2017-07-02 03:40:09,6,7,1,ๅฑฑไธๅจ้ซ๏ผๆๆๅๅพ๏ผๆฐดไธๅจๆทฑ๏ผๆๆฑ...
58014,3429,liuzhe,2017-07-23 02:12:00,1,2,1,666
58389,3429,liuzhe,2017-08-30 10:27:38,1,5,4,ไฝไปฌๆ็่ฟไธช้กต้ข๏ผexciting
64603,3429,liuzhe,2017-12-25 12:39:27,1,1,0,ไปฅไธไธบ2017ๅนดๆชๆฏๅๅ
64604,3429,liuzhe,2017-12-25 12:59:45,3,3,0,ไปๅคฉๆฅไบ้ข่งๅฏไบ๏ผexcited๏ผๅคฉๆฐๆดๆ๏ผ
87801,3429,liuzhe,2018-10-14 08:14:58,3,3,0,ๆฌๅทไนๆฐด๏ผๅฏไปฅๅป่คใ
88556,3429,liuzhe,2018-11-01 10:06:17,1,1,0,Excited๏ผ
91248,3429,liuzhe,2018-12-04 07:22:24,5,5,0,ไปฅไธๅๅญฆๅทฒ็ปๅๅฅ้็นๆ่ฒๅๅ
103555,3429,liuzhe,2019-03-01 04:05:42,0,0,0,?ๅ ไธ้ข่ต่
103626,3429,liuzhe,2019-03-02 13:57:49,0,0,0,่ค่ค่ค
122855,3429,liuzhe,2020-04-15 03:56:04,1,2,1,่ค่ค่ค่ค่ค่ค่ค่ค่ค่ค่ค่ค่ค่ค่ค่ค่ค่ค่ค่ค่ค่ค่ค่ค่ค่ค่ค่ค่ค่ค่ค่ค่ค่ค่ค่ค่ค่ค่ค่ค่ค่ค่ค่ค่ค่ค่ค่ค่ค่ค่ค่ค่ค่ค่ค่ค่ค่ค่ค่ค่ค่ค่ค่ค่ค่ค่ค่ค่ค่ค่ค่ค่ค่ค่ค่ค่ค่ค่ค่ค่ค่ค่ค่ค่ค่ค่ค่ค่ค่ค่ค่ค่ค่ค่ค่ค่ค่ค่ค่ค่ค่ค่ค่ค่ค่ค่ค่ค่ค่ค่ค่ค่ค่ค่ค่ค่ค่ค่ค่ค่ค่ค่ค่ค่ค่ค่ค่ค่ค่ค่ค่ค่ค่ค่ค่ค่ค่ค่ค่ค่ค่ค่ค่ค่ค่ค่ค่ค่ค่ค่ค่ค่ค่ค่ค่ค่ค่ค่ค่ค่ค่ค่ค่ค่ค่ค่ค่ค่ค่ค่ค่ค่ค่ค่ค่ค่ค่ค่ค่ค่ค่ค่ค่ค่ค่ค่ค่ค่ค่ค่ค่ค่ค่ค่ค่ค่ค่ค่ค่ค่ค่ค่ค่ค่ค่ค่ค่ค่ค่ค่ค่ค่ค่ค่ค่ค่ค่ค่ค่ค่ค่ค่ค่ค่ค่ค่ค่ค่ค่ค่ค่ค่ค่ค่ค่ค่ค่ค่ค่ค่ค่ค่ค่ค่ค่ค่ค่ค่ค่ค่ค่ค่ค่ค่ค่ค่ค่ค่ค่ค่ค่ค่ค่ค่ค่ค่ค่ค่ค่ค่ค่ค่ค่ค่ค่ค่ค่ค่ค่ค่ค่ค่ค่ค่ค่ค่ค่ค่ค่ค่ค่ค่ค่ค่ค่ค่ค่ค่ค่ค่ค่ค่ค่ค่ค่ค่ค่ค่ค่ค่ค่ค่ค่ค่ค่ค่ค่ค่ค่ค่ค่ค่ค่ค่ค่ค่ค่ค่ค่ค่ค่ค่ค่ค่ค่ค่ค่ค่ค่ค่ค่ค่ค่ค่ค่ค่ค่ค่ค่ค่ค่ค่ค่ค่ค่ค่ค่ค่ค่ค่ค่ค่ค่ค่ค่ค่ค่ค่ค่ค่ค่ค่ค่ค่ค่ค่ค่ค่ค่ค่ค่ค่ค่ค่ค่ค่ค่ค่ค่ค่ค่ค่ค่ค่ค่ค่ค่ค่ค่ค่ค่ค่ค่ค่ค่ค่ค่ค่ค่ค่ค่ค่ค่ค่ค่ค่ค่ค่ค่ค่ค่ค่ค่ค่ค่ค่ค่ค่ค่ค่ค่ค่ค่ค่ค่ค่ค่ค่ค่ค่ค่ค่ค่ค่ค่ค่ค่ค่ค่ค่ค่ค่ค่ค่ค่ค่ค่ค่ค่ค่ค่ค่ค่ค่ค่ค่ค่ค่ค่ค่ค่ค่ค่ค่ค่ค่ค่ค่ค่ค่ค่ค่ค่ค่ค่ค่ค่ค่ค่ค่ค่ค่ค่ค่ค่ค่ค่ค่ค่ค่ค่ค่ค่ค่ค่ค่ค่ค่ค่ค่ค่ค่ค่ค่ค่ค่ค่ค่ค่ค่ค่ค่ค่ค่ค่ค่ค่ค่ค่ค่ค่ค่ค่ค่ค่ค่ค่ค่ค่ค่ค่ค่ค่ค่ค่ค่ค่ค่ค่ค่ค่ค่ค่ค่ค่ค่ค่ค่ค่ค่ค่ค่ค่ค่ค่ค่ค่ค่ค่ค่ค่ค่ค่ค่ค่ค่ค่ค่ค่ค่ค่ค่ค่ค่ค่ค่ค่ค่ค่ค่ค่ค่ค่ค่ค่ค่ค่ค่ค่ค่ค่ค่ค่ค่ค่ค่ค่ค่ค่ค่ค่ค่ค่ค่ค่ค่ค่ค่ค่ค่ค่ค่ค่ค่ค่ค่ค่ค่ค่ค่ค่ค่ค่ค่ค่ค่ค่ค่ค่ค่ค่ค่ค่ค่ค่ค่ค่ค่ค่ค่ค่ค่ค่ค่ค่ค่ค่ค่ค่ค่ค่ค่ค่ค่ค่ค่ค่ค่ค่ค่ค่ค่ค่ค่ค่ค
127829,3429,liuzhe,2020-11-28 04:30:43,5,5,0,่ฝๅ็ฐ่ฟ้็้ฝๆฏ็ๆญฃ็่คไธ
129115,3429,liuzhe,2020-12-30 07:38:07,0,0,0,ๆ็ป้ฟ่็ปญ1s
129119,3429,liuzhe,2020-12-30 07:53:24,8,8,0,1926ๅนด๏ผ็พๅฝๅทฅ็จๅธๅฐผๅคๆๆฏยท็นๆฏๆ่ฟ่กไบไบบ็ฑปๅๅฒไธ็ฌฌไธๆฌกๆถ้ดๆ่กๅฎ้ช๏ผๆๅๅฐไธๅ้ๅ็ด้ๅฐ18ๅนดๅ็1908ๅนดใ\n\nไฝ็นๆฏๆๅจ่ฎก็ฎ็ธๅฏน็ฉบ้ดๅณ็ณปๆถ๏ผไป่ฎก็ฎไบๅฐ็๏ผๅคช้ณไปฅๅ้ถๆฒณ็ณป็่ฟๅจ่ฝจ่ฟน๏ผ่ๅฟฝ็ฅไบๅฎๅฎ่จ่ๅ็ด๏ผ็นๆฏๆไธ็ธไฟก่ฟไธช็่ฎบ๏ผไฝฟๅพ่ฟไธๅ้ๅ็ดๆฒกๆๅบ็ฐๅจ้ข่ฎก็็พๅฝไธญ้จ๏ผ่ๆฏๅบ็ฐๅจไบๆฐๅ่ฑ้ๅค็่ฅฟไผฏๅฉไบใ\n\n่ฟๆฌก็ฉฟ่ถๅฎ้ช็ๅๆๆฏ็พ้พๆง็๏ผ1908ๅนด็ๅฎๅฎ็ฉ่ดจๆป้่ขซๅญ็ฉบๅขๅไบๆดๆดไธๅ๏ผๆ็ดไบ็ฉบ้ด่ฟ็ปญๆง็ๅนณ่กก๏ผ\n\nไธๅ้ๅ็ด่ฝฌๅไธบ่ฝ้ๅ็ฉบ้ด็็ฉ็่ฟ็จๅจไธๆฎๆๅๅไฝๆถ้ดไธญๅฎๆ๏ผๅผๅไบๅง็็็ธ๏ผๅณ้ๅคๆฏๅคง็็ธใ\n\n่1926ๅนด็ๅฎๅฎ๏ผ็ฉ่ดจๆป้่ขซๅญ็ฉบๅๅฐไบๆดๆดไธๅ๏ผๅจ็ฉฟ่ถๆถ้ด็น้ๆๆถ็ฉบๆญๆฒใ\n\nๆถ็ฉบ้ๆณขๆฉๆฃๆฐๅ่ฑ้๏ผๅจไธญๅฝๆฌๅทๅฐๅบไบง็่ชๅนฒๆถ๏ผไฝฟๅพไธๅ็ทๅฉดๅบ็ฐๅบๅ็ชๅ๏ผ่ทๅพไบไปฅ็งไธบๅไฝ็ๆถ็ฉบๅนฒๆฐ่ฝๅใ
129592,3429,liuzhe,2021-01-08 05:25:25,0,0,0,ไนๅไนๅ
129594,3429,liuzhe,2021-01-08 07:16:53,4,4,0,cc98่งๅๅข~\n\n+1s\n\n่ๅฉๅฝๅฎถ็ๆญปไปฅ~
129621,3429,liuzhe,2021-01-09 05:25:09,0,0,0,ไฝไปฌ็ปๆๅผ็่ฟไธชไธ่ฅฟๅ๏ผexcited๏ผ
129622,3429,liuzhe,2021-01-09 05:43:05,7,7,0,ๆ่ฏดๅฆ่ฏท้ซๆๅง๏ผๆไนไธๆฏ่ฐฆ่๏ผๆไธไธชๅธ้ฑผๆไนๅฐฑ่ขซ้ไธบ่ฏพไปฃ่กจไบๅข๏ผไฝๆฏ่ๅธๅๆ่ฎฒ๏ผโๅคงๅฎถ้ฝๅณๅฎไบ๏ผไฝๆฅๅฝ่ฏพไปฃ่กจโ๏ผๅๆฅๆๅฟตไบไธคๅฅ่ฏ๏ผ
132367,3429,liuzhe,2021-02-01 06:32:35,1,2,1,ๆๅ็ฐไบไปไน๏ผ๏ผ
132726,3429,liuzhe,2021-02-03 11:57:03,0,0,0,ovo test2
140011,3429,liuzhe,2021-08-23 07:59:25,1,1,0,ๅคชๆดๅไบ
141072,3429,liuzhe,2021-09-22 23:50:39,0,0,0,่ๅฉๅฝ
141083,3429,liuzhe,2021-09-23 04:32:47,2,2,0,๐ค๐ค๐ค
141097,3429,liuzhe,2021-09-23 11:03:54,6,6,0,ๅคฉ่ฅๆๆๅคฉไบฆ่๏ผๆไธบ้ฟ็็ปญไธ็ง๏ผไฝไธ็ง๏ผๆไธ็ง๏ผไธ้้ฟๅๆฐธไธๅใ
144220,3429,liuzhe,2021-12-20 14:33:05,6,6,0,่ฅฟๆนๅญ่ๅฆช๏ผไธๆนๆไป็ฟใไธ้็ธ่งๅ๏ผๅๅนดๅฑ้ฟ็ใ
151344,3429,liuzhe,2022-03-01 01:47:35,4,4,0,ๅคฉ่ฅๆๆๅคฉไบฆ่๏ผๆไธบ้ฟ่+1s๏ฝ
151516,3429,liuzhe,2022-03-06 14:35:34,0,0,0,ๆดๅ\n\n๐ถ
153644,3429,liuzhe,2022-05-07 02:15:00,1,1,0,excited!
156095,3429,liuzhe,2022-06-17 13:38:19,0,0,0,ๅฅฝ่ถ่ถ
156128,3429,liuzhe,2022-06-17 16:38:51,0,0,0,liuzhe
156135,3429,liuzhe,2022-06-18 02:02:07,1,1,0,่ฅฟๆนๅชไธชๅฝๅฎถไปๆฒกๅป่ฟ ่บซ็ป็พๆ ่งๅพๅคไบ
162638,3429,liuzhe,2022-11-30 11:07:16,4,4,0,2022.11.30 ไป่ตฐๅบไบๆถ้ด
163402,3429,liuzhe,2022-12-14 08:25:28,9,9,0,่ฟไธช่ฏพ็จ๏ผๅญฆๅพๅๅฅฝ๏ผไนๅชๆขๅพ99ๅ๏ผๅฉไธ็1ๅๆฏ่ๅธ็\n\nไบบๅๅฐฑ้ฝไธ็ฅ้๏ผ่ชๅทฑๅฐฑไธๅฏไปฅ้ขๆใไธไธชไบบ็ๅฝ่ฟๅ๏ผๅฝ็ถ่ฆ้่ชๆๅฅๆ๏ผไฝๆฏไน่ฆ่่ๅฐ่ฟไธชๅๅฒ็่ก็จใๆ็ปๅฏนไธ็ฅ้๏ผๆไฝไธบไธไธชไธๆตทๅธๅงไนฆ่ฎฐๆไนๆๆก้ๅฐๅไบฌๅปไบใๆไปฅ้ๅฐๅนณๅๅฟๅๆ่ฎฒ่ฏ๏ผ่ฏดไธญๅคฎๅทฒ็ปๅณๅฎไบ๏ผไฝๆฅๅฝๆปไนฆ่ฎฐ๏ผๆ่ฏดโๅฆ่ฏท้ซๆๅงโ๏ผๆๅฎๅจโฆโฆๆไนไธๆฏ่ฐฆ่๏ผๆไธไธชไธๆตทๅธๅงไนฆ่ฎฐๆไนๅฐๅไบฌๆฅไบๅขใไฝๆฏ๏ผๅฐๅนณๅๅฟ่ฎฒโๅคงๅฎถ้ฝๅทฒ็ป็็ฉถๅณๅฎไบโใๆไปฅๅๆฅๆๅฟตไบไธค้ฆ่ฏ๏ผๅซโ่ๅฉๅฝๅฎถ็ๆญปไปฅ๏ผๅฒๅ็ฅธ็ฆ้ฟ่ถไนโใ้ฃไนๆไปฅๆๅฐฑๅฐไบๅไบฌใๅฐไบๅไบฌๆๅนฒไบ่ฟไนๅๅๅนดๆไนๆฒกๆไปไนๅซ็๏ผ ๅคงๆฆไธไปถไบ๏ผไธไธช็กฎ็ซไบ็คพไผไธปไนๅธๅบ็ปๆต๏ผ็ฌฌไบไธชๆ้ๅฐๅนณ็็่ฎบๅๅฅๅ็ซ๏ผ็ฌฌไธไธชๅฐฑๆฏโไธไธชไปฃ่กจโ๏ผๅฆๆ่ฏด่ฟๆไธ็นๆ็ปฉ๏ผๅฐฑๆฏๅ้ไธๅพไธๅพ็ปๅ๏ผ่ฟไธชๅฏนๅ้็ๅฝ่ฟๅพๅคง็ๅณ็ณปใๅไธบๆๅๆฅๅๅนฒไบไธๅนด้ถๅซไธชๆ็๏ผ็ญไบ่ฏดๆๅจๅ้ๅนฒไบๅไบๅนด็ๅๅงไธปๅธญ๏ผ่ฟๆ98ๅนดๆๆดชไนๆฏไธไธชๅพๅคง็๏ผไฝๆฏ่ฟไบ้ฝๆฏๆฌก่ฆ็๏ผๆไธป่ฆ็ๅฐฑๆฏไธไปถไบๆ๏ผๅพๆญๆง๏ผๅฐฑๅไบไธ็นๅพฎๅฐ็ๅทฅไฝ๏ผ่ฐข่ฐขๅคงๅฎถใ
163972,3429,liuzhe,2022-12-17 04:05:14,3,3,0,ไปๆนๅไบไธญๅฝ๏ผRIP
168372,3429,liuzhe,2023-02-14 12:57:20,1,1,0,่ค่คๅญฆ้ขๆฏๅชไธชๅญฆ้ข๏ผ
178905,3429,liuzhe,2023-07-30 07:53:57,0,0,0,DOI: 10.1126/science.288.5475.2317
178927,3429,liuzhe,2023-08-01 07:39:55,1,1,0,ๅ่ๅธๆปๆฏๆด็้ปๆก้๏ผ่ฃค่ฐๅธฆๆๅพๅพ้ซ๏ผๅพๅฐ่งๅฐ่ฏด่ฏๅฆๆญคๆ็ฌ็่ๅธ่ค่ค่ค่ค่ค่ค่ค่ค
185425,3429,liuzhe,2023-12-29 07:08:00,0,0,0,็ปๅฏน็ๅๅ
